11	91	34	33	48
64	8	4	11	11
65	42	81	32	32
81	86	18	80	47
35	87	76	83	85
59	70	22	18	98
37	71	39	14	97
9	50	95	83	75
48	40	51	81	26
45	59	48	77	31
6	68	41	60	47
14	51	69	91	90
74	83	18	75	98
64	68	38	8	50
26	51	53	61	61
13	63	68	87	69
84	78	94	72	72
34	39	28	44	44
3	19	73	72	79
86	71	78	62	47
73	14	38	82	20
77	94	98	27	79
69	1	56	71	19
57	32	5	64	49
13	94	91	85	38
63	74	43	64	88
31	63	6	99	59
71	31	55	97	39
97	11	49	82	85
50	65	7	80	83
40	24	35	28	74
76	79	63	40	86
37	47	44	4	4
48	17	22	47	47
15	95	12	42	42
48	3	74	98	98
61	17	45	14	2
86	58	83	46	46
24	62	10	75	75
99	63	43	3	98
68	35	8	71	79
66	10	47	17	17
81	86	2	42	53
18	60	67	50	47
39	83	49	92	79
23	14	17	8	8
19	97	92	68	68
79	75	23	52	77
80	7	13	15	82
79	19	84	87	49
51	9	69	54	78
18	62	55	77	77
67	18	11	46	46
26	91	51	86	23
47	9	7	41	41
71	16	67	96	96
1	60	98	5	5
14	29	1	67	67
84	17	46	63	82
23	96	15	56	36
98	51	77	1	1
61	32	67	37	37
57	3	24	99	20
87	96	39	82	8
43	51	13	97	97
74	24	26	6	98
21	89	87	64	69
78	7	32	62	79
63	69	66	44	44
57	89	66	98	27
4	64	53	95	81
52	76	38	79	79
1	67	97	21	85
94	90	69	22	88
41	77	28	71	76
55	45	42	11	60
44	22	63	45	45
71	55	3	67	26
50	74	21	31	31
18	71	1	92	92
93	64	92	11	26
52	54	86	70	70
73	96	67	93	93
24	8	95	96	89
32	57	1	85	83
21	58	89	95	85
82	15	92	48	84
52	86	87	38	1
90	93	94	69	29
37	34	83	3	86
87	16	94	14	31
66	62	10	34	56
12	19	87	27	37
66	2	31	78	63
73	48	76	81	41
88	22	46	35	35
81	18	57	74	88
27	63	44	82	82
90	12	55	61	88
75	13	97	74	42
80	98	70	55	10
50	66	74	34	1
27	26	96	42	42
54	56	42	38	11
3	55	68	61	26
53	77	68	10	23
44	5	54	47	47
84	89	87	67	67
77	47	73	82	51
71	29	94	2	82
89	57	35	38	38
48	15	54	44	58
28	35	87	7	7
83	13	51	72	90
49	81	38	77	15
86	66	63	56	56
81	14	19	56	56
26	97	58	22	22
43	37	55	79	79
99	61	84	43	64
44	63	3	49	39
34	33	68	51	25
15	32	4	19	19
52	9	84	10	10
17	24	92	19	19
34	8	41	57	58
65	95	14	91	62
55	23	39	98	91
63	86	8	35	35
14	75	82	51	90
26	55	70	64	28
89	60	4	67	59
78	41	59	14	65
20	81	47	91	48
55	17	5	37	97
80	7	90	32	94
40	72	53	23	84
11	28	54	21	21
98	97	73	36	36
92	95	28	73	7
7	79	61	43	68
86	61	50	16	73
94	18	97	59	77
71	73	80	13	42
87	94	91	46	46
37	14	99	75	67
50	46	1	51	8
70	39	72	20	20
9	40	64	45	45
47	98	18	53	53
44	12	3	7	20
94	27	36	46	46
39	15	99	96	93
87	42	18	65	35
95	69	42	92	11
19	16	20	98	98
86	46	60	8	88
47	94	2	67	78
97	12	33	55	55
93	60	39	20	10
97	28	79	75	78
78	86	39	12	79
5	64	66	73	73
69	48	85	65	9
12	84	59	63	91
56	7	80	32	32
27	80	1	70	54
36	83	2	60	74
22	80	99	85	77
97	5	90	27	87
6	62	90	73	57
6	13	23	81	81
23	10	6	21	53
91	97	13	39	90
68	11	12	23	23
12	53	54	36	43
23	93	28	35	47
73	93	27	16	16
95	70	45	83	67
19	53	70	81	83
82	46	13	89	76
41	88	25	64	35
51	76	5	93	93
74	43	80	65	65
78	90	7	74	42
36	64	80	33	33
87	67	69	9	56
49	93	1	31	31
29	69	92	46	46
15	98	76	56	94
77	44	75	54	27
6	65	1	56	7
4	44	81	61	89
34	94	11	44	50
28	95	2	81	85
91	43	20	46	1
93	51	90	30	30
37	98	9	84	93
36	76	6	47	55
76	99	54	60	60
79	98	3	31	92
54	80	33	64	24
48	73	5	68	59
30	76	1	8	91
85	94	99	29	43
77	51	76	78	78
39	68	93	3	85
96	46	25	17	51
86	88	47	10	10
42	99	71	86	46
30	45	55	29	11
82	63	11	7	7
13	23	20	24	15
8	62	45	27	27
66	79	78	31	76
95	82	57	26	26
27	56	54	75	75
3	94	79	30	85
67	26	7	29	45
67	75	16	46	78
14	19	91	13	90
61	87	21	77	78
5	14	6	49	15
46	66	92	98	94
10	62	46	60	74
77	99	44	63	63
70	1	13	5	5
95	15	91	8	8
61	79	7	62	49
12	71	97	74	73
36	47	6	27	49
73	8	88	71	14
49	17	25	86	39
60	17	48	57	66
5	69	99	98	41
9	40	10	59	76
13	70	19	56	56
57	91	84	18	98
88	93	92	8	1
34	31	27	36	10
10	81	96	37	97
81	29	85	88	68
6	81	1	50	50
79	91	73	88	52
2	81	9	59	16
37	76	53	89	81
15	72	21	67	67
79	10	39	36	73
33	19	67	77	43
99	87	7	9	9
48	89	78	16	84
4	33	64	10	52
69	58	75	80	21
46	28	77	41	41
12	40	74	60	75
1	79	63	77	20
34	36	97	58	19
26	52	59	91	91
4	19	72	89	89
1	43	59	14	60
84	64	13	12	87
90	47	91	29	49
40	25	26	88	88
84	68	59	16	16
70	83	30	3	74
84	3	76	52	46
86	90	29	78	98
10	14	64	98	59
11	86	74	68	52
86	63	28	71	71
42	15	4	46	43
32	99	44	15	15
30	28	73	53	54
5	44	83	1	1
28	40	69	35	35
72	6	78	59	37
53	39	84	72	72
93	5	56	65	75
50	20	40	36	37
36	77	26	94	62
19	62	77	72	75
55	70	65	4	91
64	56	60	93	93
70	66	54	33	13
61	53	43	42	8
92	72	34	89	91
77	30	24	55	55
99	2	39	73	90
76	95	98	71	23
90	57	86	79	21
63	22	43	28	28
57	77	66	49	49
52	37	56	41	19
82	70	65	84	54
38	81	36	31	31
79	87	58	20	77
10	25	16	53	43
34	61	6	42	58
62	45	24	49	49
30	13	94	82	82
88	32	51	61	63
39	45	6	96	96
98	68	71	41	41
68	82	83	88	64
57	24	80	77	83
88	11	83	38	77
40	84	7	62	80
74	28	75	66	9
66	6	63	75	96
69	53	1	24	63
90	53	26	97	97
35	67	92	83	28
70	9	78	53	92
36	26	92	53	53
52	51	9	60	35
67	26	61	98	22
85	38	3	71	94
65	13	87	42	90
31	87	45	82	19
37	16	85	11	11
46	38	57	8	21
69	26	23	61	72
10	96	58	12	15
70	62	85	67	67
3	49	33	30	41
63	57	2	72	94
84	72	91	69	69
78	28	63	69	2
79	40	54	5	64
70	5	32	81	81
61	50	67	43	10
24	90	17	34	34
72	99	47	46	12
50	62	64	6	21
24	33	67	58	14
53	79	80	69	69
67	73	85	5	40
29	32	78	89	89
1	43	82	78	45
38	56	7	91	49
63	8	41	45	56
49	33	41	90	92
21	63	27	6	6
2	20	55	30	54
45	8	75	70	87
13	1	21	56	4
16	87	43	94	90
89	84	44	90	90
87	95	82	25	25
91	58	39	35	19
98	32	2	68	68
48	97	4	1	1
99	92	15	77	77
53	49	43	2	2
20	63	86	18	18
7	72	44	50	50
8	61	54	85	71
98	85	1	84	61
55	75	89	27	6
62	35	40	37	12
5	51	44	8	81
6	98	33	51	51
90	31	22	23	13
74	52	71	25	25
98	74	61	14	14
6	89	45	64	81
27	16	25	30	4
62	87	19	10	7
90	22	96	59	87
31	13	39	1	36
20	32	65	95	24
43	67	47	97	71
31	23	13	60	60
68	76	65	24	67
65	94	38	51	44
83	12	80	50	60
13	68	15	94	94
69	11	45	13	13
31	35	19	6	32
41	22	57	68	68
89	30	56	50	69
6	61	41	5	44
50	45	57	71	5
19	3	25	16	21
43	56	93	67	92
13	96	37	98	89
74	1	91	8	24
98	31	35	70	2
15	82	21	13	13
97	40	10	21	21
84	59	30	87	93
83	6	93	63	52
62	91	50	35	35
66	40	1	56	38
98	20	95	97	44
3	74	31	46	17
2	46	50	25	25
52	96	85	25	40
85	89	91	80	32
66	75	58	50	12
25	48	54	38	56
35	98	52	9	9
6	32	7	88	39
57	79	67	19	19
4	80	24	97	97
88	7	79	76	35
17	62	44	10	10
63	76	57	7	91
97	37	86	49	49
36	4	63	65	65
90	79	7	97	39
45	47	46	92	94
49	80	64	10	67
81	44	84	15	15
64	69	42	62	14
69	85	78	84	84
29	40	61	63	2
24	83	62	74	60
31	57	43	14	95
72	15	47	67	78
7	86	5	89	89
51	63	95	38	38
57	31	48	83	83
52	28	73	31	31
67	15	85	80	97
60	12	66	93	84
14	5	88	31	31
57	78	50	84	26
93	45	50	97	84
27	34	77	22	19
93	97	40	73	6
81	11	55	53	76
96	36	4	93	78
48	21	35	8	9
58	7	52	34	34
89	85	98	42	10
1	8	66	36	36
78	84	77	26	62
44	37	11	60	35
85	21	80	99	99
1	85	88	77	77
99	90	8	50	74
36	18	84	74	19
21	31	16	49	49
97	31	59	61	61
64	84	82	8	38
29	94	47	10	91
29	1	91	84	71
95	60	9	56	92
90	58	73	74	74
51	5	82	53	6
16	63	52	77	80
88	75	76	28	81
57	88	7	18	18
41	55	80	2	68
30	62	50	86	68
63	82	69	9	50
93	80	88	3	3
5	57	37	11	11
72	65	39	36	36
72	86	90	77	63
33	82	38	14	52
84	39	15	91	89
31	44	46	82	92
86	20	68	67	77
17	69	89	71	72
18	28	39	4	4
17	71	60	81	65
1	96	14	97	86
75	48	53	89	84
73	85	92	10	46
10	58	39	59	68
79	45	82	87	87
2	43	36	48	98
62	1	18	68	73
42	6	80	78	48
58	59	17	43	63
40	20	35	72	58
36	82	54	94	89
67	84	17	70	98
62	71	53	50	50
31	60	72	1	1
91	60	4	74	56
66	76	83	36	6
34	60	24	3	19
48	53	12	76	76
81	70	98	73	73
32	40	49	12	8
21	62	59	2	48
72	75	51	7	7
63	75	68	23	2
39	78	99	97	8
53	20	39	92	92
51	68	70	66	66
26	36	24	18	18
61	53	56	7	27
62	88	72	93	18
44	41	1	73	78
92	1	17	61	61
81	6	56	5	19
86	21	2	75	80
56	82	10	64	91
68	52	12	71	36
87	27	51	85	85
25	49	50	7	55
44	42	52	91	91
38	77	55	69	4
2	32	98	15	35
68	26	56	64	49
4	3	62	11	11
65	46	71	20	1
72	93	77	15	67
88	75	90	61	61
14	58	28	90	90
90	19	89	44	18
3	9	65	14	43
1	17	96	95	95
84	97	81	16	61
56	80	84	13	97
28	97	98	74	55
57	52	45	46	22
64	9	97	55	93
89	81	77	30	30
39	32	62	73	73
32	83	63	3	86
17	85	83	50	92
61	6	92	50	85
24	59	63	5	5
75	68	21	59	80
64	18	66	42	68
24	8	38	78	12
10	20	12	63	63
82	18	58	78	64
98	44	78	6	86
65	48	8	12	91
9	17	43	72	72
6	81	38	25	25
16	18	54	94	94
65	45	26	37	28
52	67	61	5	5
88	94	15	58	74
72	44	81	62	8
13	68	92	67	60
27	30	42	95	95
69	81	17	55	72
9	55	47	27	54
77	99	24	49	35
78	30	80	56	2
57	53	58	71	13
2	84	77	70	25
53	16	24	70	58
34	38	79	31	31
78	10	98	11	22
42	51	86	24	43
32	59	77	68	76
92	81	41	1	64
27	57	82	47	61
16	67	97	20	20
21	6	90	97	97
39	44	56	2	2
23	14	41	15	28
55	9	15	33	53
64	51	80	40	27
6	7	23	87	46
12	25	29	89	89
20	52	94	98	90
92	3	90	44	16
17	39	10	99	99
99	78	81	48	83
15	30	3	46	46
47	33	45	22	22
99	21	88	82	76
90	50	76	56	56
30	87	37	10	66
10	75	42	82	82
59	77	74	56	34
32	75	7	83	88
15	83	64	85	85
2	28	89	88	66
43	55	34	3	3
9	28	89	99	56
23	82	96	95	4
52	95	80	92	17
39	18	51	14	19
2	67	18	63	57
56	1	31	83	81
30	77	6	93	94
70	15	85	93	61
69	74	77	52	52
26	54	5	11	11
98	51	63	94	6
59	70	39	49	31
77	90	66	33	64
22	81	40	59	18
88	17	62	76	76
18	6	47	60	60
97	43	4	25	76
71	46	88	33	21
6	74	69	26	26
81	15	2	86	1
1	70	41	97	85
57	53	14	34	55
56	5	57	22	22
31	13	4	98	47
33	3	57	40	62
54	83	82	74	52
49	90	35	66	66
60	96	75	6	69
98	95	81	79	5
31	72	66	92	17
40	73	41	84	84
7	5	39	8	96
68	16	78	60	87
10	74	31	42	5
74	3	52	97	63
16	31	21	81	81
93	37	80	36	36
82	14	32	2	1
78	84	13	32	32
28	54	26	85	85
43	4	11	12	12
92	22	9	13	13
10	7	62	57	18
62	82	51	6	3
4	58	94	92	92
94	77	9	84	45
14	22	33	66	41
96	22	4	64	95
28	21	39	53	53
65	43	44	58	58
14	6	15	30	30
94	78	80	53	89
46	22	92	4	49
77	35	96	76	76
76	13	50	57	71
76	69	60	86	2
94	83	75	33	10
36	23	43	37	81
72	93	57	17	91
20	37	22	36	87
75	20	8	93	55
27	97	95	65	88
47	69	35	37	37
77	35	31	6	21
73	41	21	97	1
50	35	4	2	2
17	3	25	27	55
71	45	65	97	97
84	91	8	54	60
72	7	31	64	27
57	5	32	60	60
56	3	48	92	95
71	33	4	26	81
30	38	33	19	3
36	4	47	48	21
96	19	4	87	87
98	55	32	28	28
13	29	33	64	64
69	13	35	8	57
59	68	58	22	63
82	12	74	94	65
25	5	1	75	75
97	2	61	36	36
49	19	68	73	76
45	42	28	90	63
3	61	21	70	73
58	69	77	99	3
43	94	16	87	90
72	86	51	81	16
43	44	33	93	93
18	95	83	87	56
14	70	8	75	75
77	99	61	75	40
73	80	82	30	25
70	80	14	42	42
45	6	98	90	73
91	67	5	99	50
36	2	87	98	98
76	84	52	16	16
84	55	86	45	6
70	67	47	28	1
80	10	74	87	40
26	95	69	28	28
39	5	77	74	90
72	56	55	11	57
62	16	75	85	65
80	19	45	60	50
38	91	74	56	56
94	6	25	52	52
98	75	3	26	91
65	49	32	2	2
79	39	4	54	73
81	39	53	11	11
42	36	26	51	1
19	41	1	42	50
66	99	14	22	80
51	21	91	63	63
48	2	66	84	58
82	86	38	63	63
76	25	82	2	2
5	34	47	96	18
19	21	35	86	86
65	99	75	12	82
52	50	14	53	32
50	60	88	45	67
92	40	51	49	99
35	92	98	96	78
77	47	69	95	95
71	42	91	81	81
9	80	5	92	92
19	66	35	87	87
15	24	89	71	82
18	28	36	84	52
63	96	84	19	83
29	90	60	15	15
50	5	89	92	23
83	90	85	80	34
83	72	81	20	20
42	49	3	29	33
84	86	70	89	89
88	47	96	10	77
60	48	94	66	66
65	11	75	94	94
30	22	77	11	61
30	13	62	79	79
19	36	9	86	47
39	22	15	87	38
87	90	76	67	25
11	18	27	79	58
44	73	63	98	98
77	94	48	52	92
81	8	54	59	65
66	31	32	90	79
94	26	11	70	73
77	47	5	34	18
1	13	77	70	73
63	95	20	61	61
19	3	53	90	90
51	53	27	19	19
76	86	77	89	20
66	46	68	38	60
98	4	83	33	88
61	39	76	90	90
97	77	14	85	42
1	89	39	73	29
18	35	46	86	29
71	45	10	74	85
12	92	51	78	78
8	34	46	15	21
9	15	10	87	66
3	43	25	50	66
75	13	86	26	26
49	90	40	63	87
26	29	43	11	11
15	84	45	73	73
56	15	27	8	88
73	61	93	12	76
41	26	12	2	2
75	2	36	91	16
36	18	85	41	41
10	3	68	69	66
77	33	73	72	75
51	74	85	12	93
25	16	24	27	27
21	57	48	26	71
70	6	84	81	67
50	74	41	32	32
79	54	13	86	42
10	50	47	74	96
45	94	64	93	93
11	3	6	26	23
87	98	73	64	64
50	95	93	9	9
79	2	36	74	52
4	51	36	50	50
14	82	18	33	36
50	67	30	76	4
79	78	77	99	18
72	53	10	75	45
2	37	53	21	21
37	2	32	41	41
82	78	58	95	14
86	78	57	43	43
69	81	98	1	48
77	82	23	34	34
49	17	16	82	82
51	55	44	37	11
86	90	80	72	72
82	52	65	32	32
23	82	81	87	57
73	64	1	99	99
31	2	50	33	40
76	66	75	3	17
2	6	41	81	81
33	83	75	95	95
78	90	77	65	20
20	35	52	14	14
60	63	49	56	56
74	77	65	13	13
42	72	2	10	31
44	24	42	28	28
59	37	42	2	67
55	93	42	8	8
71	15	83	73	73
2	77	55	30	73
78	63	71	59	18
81	27	31	43	12
88	14	44	67	67
84	79	63	28	1
78	11	38	72	68
34	45	60	9	59
63	19	39	54	54
61	79	86	96	17
59	28	71	5	65
41	43	1	26	21
12	82	1	36	44
40	20	38	93	86
86	92	69	72	98
50	12	1	3	51
73	7	34	57	75
71	12	34	76	61
87	36	95	14	14
31	41	50	51	10
74	66	56	17	81
40	28	97	35	35
35	89	72	4	79
9	6	72	61	61
2	43	47	60	60
39	64	91	12	12
51	53	67	18	18
51	19	10	74	74
38	21	70	12	27
90	75	70	72	6
49	13	52	77	77
59	95	60	1	73
96	94	42	83	48
16	3	27	67	67
96	12	33	46	46
34	9	95	10	5
68	52	76	64	16
66	90	38	65	3
48	13	34	51	51
61	87	31	84	1
93	1	56	82	51
58	52	22	47	47
70	33	73	88	88
5	67	37	26	58
94	83	56	8	65
66	23	96	56	69
82	54	12	86	99
31	62	92	49	49
78	56	7	29	29
35	40	57	78	60
24	1	87	71	59
93	39	86	34	23
98	82	15	12	11
88	17	91	85	4
20	8	40	47	36
6	4	69	70	70
99	40	47	60	60
76	70	80	99	52
84	88	97	8	38
80	44	52	75	91
68	69	47	17	57
79	35	81	39	39
71	41	58	44	20
12	47	82	84	63
87	17	60	64	79
84	91	28	30	63
97	92	21	62	62
52	73	76	16	59
38	13	82	22	22
32	42	94	10	50
74	96	32	69	22
3	15	85	93	65
92	1	90	32	32
90	17	56	53	53
88	72	89	50	50
70	7	87	98	53
6	21	98	99	38
10	46	70	89	82
18	87	69	72	72
79	53	73	57	61
64	63	71	80	43
97	27	80	10	32
37	93	21	77	77
78	5	60	39	51
94	88	49	8	8
27	17	68	86	86
54	23	17	77	77
69	33	18	62	62
37	66	36	9	80
2	13	95	90	91
82	17	77	72	1
40	82	34	21	21
9	62	55	64	68
52	40	51	89	77
56	49	24	89	89
60	16	83	31	78
65	13	59	90	82
12	27	98	45	1
78	93	50	77	44
10	95	22	52	52
3	38	89	82	64
51	38	2	13	41
90	73	95	65	65
99	26	78	43	61
53	41	42	79	79
81	58	72	31	31
21	77	81	65	62
7	27	33	31	31
52	50	39	45	45
72	27	6	70	70
90	22	1	94	94
20	18	19	39	39
37	24	14	94	94
3	20	93	90	82
58	55	27	71	71
23	90	66	95	80
82	17	43	27	5
69	97	82	10	63
54	41	5	48	48
16	80	14	26	26
91	40	58	89	52
31	14	64	65	66
58	84	8	33	33
59	23	48	9	9
14	92	6	94	49
7	69	87	47	72
12	26	64	79	31
79	70	63	25	81
6	58	85	90	49
65	75	5	22	54
90	9	49	78	78
23	12	75	53	61
91	95	32	71	2
61	47	81	51	30
51	86	95	20	93
52	77	73	95	94
62	67	29	11	65
46	2	1	98	41
74	43	12	97	36
64	57	89	66	66
80	87	79	49	17
69	7	1	13	13
56	89	55	76	76
26	27	55	68	75
61	18	4	62	53
52	56	9	61	32
61	77	18	55	74
16	5	67	50	7
20	69	76	59	82
86	15	84	26	37
9	89	94	1	22
25	86	12	96	47
80	79	41	5	50
59	58	42	31	31
22	96	18	35	35
74	59	14	83	61
71	17	61	12	12
93	17	95	9	12
83	28	77	23	23
13	3	44	14	75
32	24	96	74	74
60	52	61	7	24
34	67	18	73	73
57	6	34	43	61
65	61	52	21	2
28	52	23	97	83
56	33	95	24	60
10	14	80	96	92
84	20	76	3	87
54	66	4	74	36
33	4	97	30	96
17	42	81	66	83
99	72	59	93	13
46	12	72	57	65
84	66	26	83	71
1	39	63	37	52
26	14	78	13	13
21	92	82	43	49
35	56	18	42	42
33	94	27	39	39
85	38	15	1	76
13	45	38	86	16
80	38	4	53	53
20	5	43	75	17
95	84	59	70	32
12	44	97	80	33
76	9	40	12	96
16	19	74	70	93
88	61	90	18	18
10	2	72	76	77
86	58	3	82	38
5	61	44	89	83
20	25	89	95	58
98	74	97	22	33
94	71	75	3	48
85	90	62	11	55
8	40	46	95	95
24	38	1	58	58
27	78	39	50	77
74	52	85	69	58
11	90	29	91	75
35	89	61	41	68
53	95	47	73	22
12	16	4	37	37
99	41	1	79	61
51	77	78	45	45
64	87	91	28	74
93	1	59	9	11
44	5	52	84	84
62	15	48	89	85
72	73	81	27	41
84	10	52	90	64
57	20	59	68	72
87	28	52	18	34
92	30	76	48	66
62	86	60	7	97
93	81	29	97	78
91	79	36	76	19
61	51	70	37	37
65	89	11	31	31
70	99	96	4	40
68	23	89	95	79
73	6	49	57	52
82	83	48	39	39
38	10	78	77	61
37	53	44	57	50
91	18	10	92	92
67	62	5	74	72
97	71	87	72	72
14	68	35	30	30
47	82	14	89	95
83	17	76	4	81
96	5	65	60	77
19	23	45	79	6
79	60	53	98	98
6	28	90	64	64
72	79	31	77	83
63	40	78	87	87
95	79	81	34	54
46	91	57	58	58
17	97	86	81	61
97	92	27	69	4
57	10	38	63	69
67	6	43	64	81
50	43	4	79	79
62	3	17	43	43
3	82	36	74	93
68	34	20	54	54
68	15	18	65	55
24	90	96	94	8
13	36	58	64	60
33	98	73	47	26
84	86	56	24	89
7	89	49	67	69
1	65	71	36	85
55	91	94	71	71
43	54	89	73	2
8	64	91	46	88
58	3	81	60	50
36	12	9	52	81
23	98	66	6	6
96	44	25	93	22
6	29	85	32	48
15	62	95	54	54
19	38	44	90	90
79	89	90	41	41
47	27	53	14	23
90	85	5	94	50
7	86	95	46	46
26	23	71	96	73
76	4	88	59	49
83	97	88	73	25
51	10	41	69	69
2	45	21	74	74
49	58	9	85	81
80	57	69	18	70
54	98	12	8	70
64	68	38	77	8
73	52	85	80	80
14	62	80	4	4
83	88	13	54	54
54	88	70	62	5
63	24	42	14	14
29	51	33	86	86
91	28	64	4	42
50	82	45	76	42
92	94	2	95	8
94	61	53	95	9
97	14	12	65	65
9	53	56	60	60
34	68	39	92	92
36	75	77	63	10
78	16	67	65	56
74	16	72	38	70
95	37	35	76	24
4	24	97	86	86
78	53	47	59	17
84	92	59	24	24
82	4	94	90	48
99	53	19	10	26
1	68	83	54	46
1	93	52	63	73
88	32	38	60	60
35	11	48	55	49
80	39	1	7	36
60	89	85	2	37
96	35	76	32	32
41	53	6	75	68
32	5	75	57	71
50	33	44	89	89
83	11	38	89	89
89	72	18	90	55
71	54	85	9	63
75	88	83	40	11
44	45	2	41	63
72	79	36	12	12
76	52	41	63	2
98	9	84	61	69
5	89	24	38	83
89	59	84	97	19
70	98	74	59	59
9	49	37	66	64
73	97	7	87	48
63	40	10	82	82
16	99	2	26	79
46	86	60	44	44
23	75	40	94	94
35	18	69	2	2
74	65	61	97	15
80	62	54	83	87
51	18	91	32	30
93	35	4	85	85
38	61	6	63	39
98	38	26	72	61
52	21	28	94	94
86	85	71	5	26
23	2	45	72	72
4	47	50	55	21
89	92	9	57	56
55	82	8	6	20
53	72	10	42	42
9	94	92	30	99
74	15	93	13	13
67	7	83	32	84
83	66	81	88	27
98	36	92	84	8
26	59	2	67	74
80	65	40	95	95
9	41	92	99	83
66	67	30	65	69
31	73	72	70	52
37	80	62	2	2
61	52	45	77	2
88	39	55	63	63
61	70	50	42	95
5	31	18	33	27
43	85	10	99	90
30	93	57	65	65
61	77	12	68	91
44	25	63	87	87
10	78	89	50	70
99	74	63	67	98
17	89	42	25	33
53	5	90	60	88
86	83	47	36	36
53	12	41	63	56
90	16	3	31	31
63	39	74	62	1
38	10	39	43	29
64	67	21	2	74
9	42	77	97	99
13	56	48	61	61
20	12	71	74	74
7	97	53	96	59
9	21	63	71	71
9	5	71	21	3
97	13	7	1	1
99	82	26	2	94
69	67	38	19	19
39	74	81	1	51
80	47	67	50	76
85	52	91	29	29
15	88	20	54	54
42	74	27	89	89
11	82	7	50	50
80	69	43	38	38
16	37	27	65	65
81	31	57	61	61
72	8	55	76	28
41	68	66	95	77
34	87	98	91	8
49	62	47	70	9
58	62	15	8	8
51	78	48	6	69
93	89	47	70	54
54	71	67	36	33
92	94	51	44	58
5	89	50	7	7
97	28	96	3	3
25	20	82	36	11
69	72	79	51	17
78	12	10	44	64
30	93	63	71	71
13	19	37	85	81
75	11	78	44	10
43	84	42	70	47
81	82	11	46	59
44	66	15	69	58
70	10	62	38	75
32	83	84	81	81
43	63	22	35	38
53	45	70	68	68
42	71	6	95	98
63	66	16	85	91
65	82	22	90	90
70	86	83	8	35
72	18	26	64	82
87	71	45	84	84
86	49	89	75	16
86	67	22	97	85
98	8	72	71	19
97	32	47	80	80
78	96	1	35	81
79	19	73	81	32
23	54	58	53	55
59	78	38	54	32
92	27	37	5	55
75	19	77	70	47
42	27	46	86	56
95	41	9	20	20
48	24	47	93	35
60	5	57	24	49
33	51	25	5	61
52	42	32	73	73
60	96	8	55	55
43	62	10	47	54
71	6	23	66	74
47	74	52	42	45
89	65	4	81	40
84	77	31	83	83
23	18	1	99	68
93	52	84	30	30
75	64	13	78	37
47	64	16	77	78
3	26	25	31	38
72	77	74	48	20
73	57	63	58	16
34	53	87	58	7
83	58	77	98	98
23	1	24	25	35
43	91	6	44	44
69	32	37	2	2
19	27	34	65	64
17	82	80	46	72
83	99	45	76	3
35	14	60	51	1
95	28	68	42	42
73	77	74	86	26
95	92	19	70	20
67	44	73	3	89
91	77	57	52	2
85	73	54	12	2
87	56	97	9	69
96	11	48	74	98
86	87	69	23	23
7	54	81	48	74
60	20	94	42	42
34	4	41	84	53
77	58	10	94	73
2	90	77	44	63
22	15	77	38	38
80	91	89	30	73
74	17	43	66	66
49	2	34	66	53
32	53	74	14	77
97	49	17	43	43
13	64	60	9	9
69	98	49	6	59
22	21	72	40	56
20	57	59	47	54
39	40	55	34	34
36	32	53	5	5
31	5	42	62	61
79	3	8	2	2
50	99	97	34	25
5	22	57	67	68
61	85	65	33	33
73	2	89	28	93
87	55	96	92	21
2	23	97	26	21
94	92	71	82	3
1	80	77	22	22
97	5	48	13	20
5	86	25	81	76
39	24	88	7	56
10	75	80	44	61
66	56	45	91	91
90	82	94	44	44
39	80	95	96	75
75	51	95	9	9
57	58	81	82	82
84	73	18	81	2
91	46	30	26	26
96	12	68	89	59
16	96	49	88	88
92	4	62	56	74
79	61	93	97	74
30	40	37	9	31
71	44	47	53	1
41	34	27	38	38
11	52	42	13	13
93	99	81	89	89
92	80	64	16	36
91	2	33	72	81
87	97	49	18	18
90	79	95	2	25
19	85	23	90	65
40	39	30	3	17
37	97	74	5	99
6	27	75	84	84
2	23	76	46	46
91	99	25	95	62
10	95	51	44	27
77	42	56	64	4
51	73	47	57	30
36	32	38	7	22
31	97	71	34	7
9	43	65	81	72
84	24	42	27	27
55	14	69	52	59
82	89	25	78	78
82	37	76	44	50
62	92	65	79	11
57	10	80	52	71
95	14	77	92	49
72	16	13	90	99
29	10	74	94	7
92	80	91	10	10
3	52	6	53	53
14	48	11	5	5
99	25	94	84	70
90	16	84	3	53
33	55	44	26	26
55	9	77	99	84
96	9	98	2	95
6	47	64	31	18
93	8	61	43	43
97	46	56	22	70
69	94	15	76	73
42	96	98	36	36
71	53	39	56	56
56	88	73	99	99
3	62	68	46	34
86	68	8	10	10
69	72	59	91	91
91	18	69	50	47
37	74	91	73	73
86	56	89	24	26
59	88	34	86	86
9	58	94	5	4
65	54	86	14	81
19	56	89	91	99
80	92	98	66	59
80	11	93	55	73
70	26	48	96	96
17	99	11	6	84
67	57	34	68	11
37	52	14	55	49
16	13	63	11	40
29	89	62	87	21
72	85	9	57	59
8	87	67	77	46
19	71	30	79	79
59	66	77	20	69
65	78	37	43	43
49	33	60	98	98
79	52	4	84	45
62	87	84	32	2
61	4	49	68	34
54	62	72	85	9
85	83	28	43	13
84	39	80	85	85
73	18	93	72	77
92	23	2	30	65
5	54	78	45	67
10	99	2	82	82
4	85	78	15	35
17	63	70	22	45
17	43	76	20	20
46	68	94	19	93
89	83	40	67	6
30	98	37	62	92
22	30	13	21	21
98	84	3	90	90
83	48	82	49	49
92	71	77	55	24
44	41	84	43	30
39	30	16	2	36
85	9	53	44	31
93	42	36	78	62
74	70	93	80	19
26	27	31	14	14
80	22	52	46	46
92	41	1	56	19
56	59	66	49	29
38	76	58	6	68
63	25	80	85	98
2	98	46	25	25
89	65	49	23	94
43	70	71	9	47
83	32	18	4	57
41	38	22	97	97
32	70	94	28	28
73	87	47	31	31
80	27	62	71	71
64	91	92	71	21
93	72	83	45	45
25	96	52	33	5
90	89	8	55	52
83	55	57	8	71
70	80	54	94	8
98	10	90	92	34
71	57	64	87	9
2	68	32	83	9
80	51	87	24	74
59	99	30	26	33
46	41	38	57	57
49	4	84	62	65
73	76	1	45	26
58	55	1	36	27
7	55	14	49	49
43	82	89	15	92
81	75	30	41	41
36	54	44	32	59
31	44	8	58	57
79	76	48	62	62
31	47	98	41	41
92	31	3	71	88
95	71	13	27	28
3	92	88	16	16
46	53	2	13	7
74	27	22	65	65
61	82	85	10	47
26	66	78	63	67
54	85	52	8	80
40	86	38	72	72
54	31	69	4	36
57	46	41	34	31
45	20	52	51	6
46	41	13	85	85
20	29	89	13	65
52	70	11	83	66
17	84	8	27	31
77	97	14	21	21
17	39	63	68	68
24	71	7	64	30
83	65	39	51	5
85	38	33	3	5
93	73	22	96	96
66	62	31	77	77
29	54	16	88	73
75	15	74	27	7
75	95	93	32	86
16	68	48	10	74
50	9	57	79	69
64	66	77	5	49
32	61	2	85	87
6	81	58	64	52
88	41	96	58	58
50	19	62	87	49
4	28	50	52	34
15	41	59	8	8
2	21	56	71	69
93	23	58	14	14
39	27	5	86	86
73	98	50	82	31
23	5	89	15	14
60	48	28	83	40
10	87	75	54	65
48	70	97	28	59
74	5	69	72	17
96	62	78	86	86
35	71	58	10	72
51	75	26	19	19
4	75	82	91	91
90	79	38	65	65
8	68	50	90	78
4	99	96	64	41
19	13	15	61	81
67	39	35	28	85
36	28	38	33	74
82	7	38	85	64
68	3	96	49	81
88	95	14	16	16
12	58	87	61	91
71	45	35	31	7
7	57	61	86	47
40	89	79	32	32
84	75	22	65	90
67	97	4	50	78
34	33	58	26	53
51	25	4	35	19
31	43	92	81	81
8	96	78	89	89
40	15	51	3	3
69	77	76	9	27
26	94	87	95	60
55	88	13	94	71
51	41	47	98	98
95	10	28	13	59
3	55	11	25	25
88	92	24	64	98
68	22	19	70	70
25	7	39	38	1
90	98	7	2	2
77	59	70	13	51
4	86	85	21	74
39	92	13	33	33
12	71	69	91	66
10	95	25	99	98
89	96	81	72	25
82	52	3	4	4
72	26	75	70	60
43	55	56	11	92
34	69	91	1	81
58	19	17	74	82
37	71	91	40	40
31	51	63	6	56
36	58	2	65	40
23	47	26	4	4
48	51	54	21	6
15	70	80	67	53
86	49	14	82	69
24	12	97	99	7
38	60	92	88	1
42	35	1	44	13
61	9	73	56	56
41	29	13	62	62
8	81	44	25	25
58	96	46	60	93
82	66	10	70	70
77	86	35	83	83
66	4	47	70	2
82	10	70	91	50
46	10	73	97	98
15	16	28	81	81
32	35	16	62	62
16	94	96	65	65
53	76	54	10	65
22	76	17	27	27
40	8	64	74	81
7	92	67	78	91
37	81	79	74	14
90	5	16	95	94
11	52	92	45	45
2	43	19	49	40
82	48	72	90	1
1	66	68	43	43
58	57	44	68	68
28	56	13	36	57
94	52	20	3	3
5	82	52	64	58
45	72	82	79	16
84	40	89	37	22
6	12	41	4	4
81	99	54	77	7
22	38	98	49	49
51	4	61	99	94
66	29	58	45	45
96	60	58	80	3
81	60	2	86	35
73	11	56	84	61
63	56	39	32	32
66	25	19	42	42
13	64	49	74	61
71	65	81	85	85
9	95	42	66	97
84	39	61	45	11
55	6	79	72	97
85	11	53	82	82
17	79	41	39	39
10	54	90	91	87
39	42	56	29	29
81	59	96	75	89
54	59	69	51	96
61	10	75	84	64
93	92	12	4	29
6	34	88	67	67
67	36	72	46	46
82	70	84	99	19
53	9	78	63	88
68	71	21	88	79
56	71	31	60	59
5	73	89	38	38
73	79	29	68	6
16	60	70	86	86
5	83	84	27	92
9	63	73	83	48
71	49	36	5	90
86	82	20	6	6
59	48	14	56	56
74	29	50	54	16
94	16	52	80	42
49	66	10	73	37
11	51	67	50	73
43	90	97	16	99
61	74	97	71	6
98	5	35	71	71
64	28	93	37	91
84	95	14	64	70
3	19	27	26	42
21	56	36	99	13
11	48	43	54	54
96	70	52	82	6
2	62	18	15	15
78	86	71	51	14
72	91	62	97	97
65	39	21	11	11
32	86	89	74	82
93	72	51	9	9
51	79	34	26	60
35	22	94	96	96
11	23	88	27	72
21	92	41	67	67
17	1	82	70	79
5	69	61	42	45
18	79	88	69	64
7	71	26	18	18
78	11	54	66	58
80	21	32	2	2
11	13	42	66	72
64	14	73	45	77
72	28	69	53	78
76	13	85	1	83
66	6	60	93	46
98	89	26	16	71
69	71	45	11	54
39	12	63	61	61
54	17	72	75	75
89	38	55	19	13
98	47	3	48	62
44	4	45	37	17
92	96	20	68	68
13	38	62	28	28
20	64	78	26	6
20	34	95	70	53
30	53	11	27	27
6	26	16	29	28
75	72	14	65	92
49	86	94	1	4
7	10	45	16	16
6	65	56	7	7
62	55	13	98	98
9	11	48	56	56
52	84	87	74	74
76	39	90	19	19
91	43	82	40	40
51	17	27	31	99
51	31	56	52	52
21	65	97	39	39
33	9	43	12	1
34	8	61	49	64
44	71	6	83	97
43	84	3	67	94
14	69	32	23	55
71	84	5	88	31
88	28	40	96	96
71	79	38	57	21
39	3	61	40	67
13	54	93	67	87
48	8	84	1	1
79	95	82	93	27
85	88	84	38	83
27	43	4	2	81
59	33	44	65	3
48	64	80	11	11
41	6	47	64	52
53	77	32	96	28
27	20	2	93	93
62	69	32	25	25
48	36	14	52	53
83	38	52	73	3
63	96	71	72	7
70	21	41	5	4
29	84	52	33	33
77	26	59	19	19
96	12	31	85	85
94	1	25	34	36
12	52	86	91	68
97	78	50	80	7
18	17	36	7	80
79	51	24	43	44
57	81	18	19	19
61	24	98	94	94
52	84	7	48	85
83	21	67	82	59
84	32	1	82	56
14	35	66	81	81
47	94	27	35	35
5	47	21	6	6
10	20	18	83	66
93	49	3	60	98
85	31	52	86	86
65	84	71	89	21
49	50	61	11	69
19	78	15	98	64
78	95	10	88	44
92	49	48	90	84
18	33	31	41	41
19	25	54	67	58
61	60	42	14	48
4	20	65	67	57
6	27	32	99	64
3	37	87	72	95
9	77	85	82	29
49	61	48	95	93
94	49	26	61	61
4	71	44	96	67
34	37	51	94	89
55	96	2	89	89
67	40	65	28	56
63	73	5	99	62
69	6	77	73	24
37	73	58	6	63
94	1	48	58	99
67	64	2	35	81
81	96	20	49	66
84	72	90	19	19
13	35	6	60	60
55	72	12	48	48
68	9	48	88	78
39	37	42	93	92
15	79	83	64	53
97	91	4	18	18
76	93	55	52	52
38	70	61	45	45
63	28	40	88	91
35	58	36	55	66
38	15	7	33	33
85	90	96	28	73
91	2	4	33	68
79	34	39	47	31
26	3	65	8	8
21	42	45	50	4
60	87	52	82	96
40	96	88	85	22
74	5	63	33	62
1	56	23	69	69
10	87	80	50	16
25	9	58	48	14
97	76	50	98	45
59	99	75	1	14
80	91	67	85	25
3	72	76	94	63
89	70	31	81	2
47	59	66	83	85
86	7	44	84	58
52	27	42	40	31
4	67	22	37	48
71	36	94	68	68
54	47	77	91	95
10	53	70	86	86
14	48	68	69	50
50	42	48	75	75
15	67	75	98	84
95	48	10	81	80
15	67	73	16	16
4	29	97	49	13
99	87	38	24	24
44	66	13	79	74
87	79	29	86	67
2	94	40	21	77
21	31	47	8	61
52	93	8	12	12
71	87	81	22	7
6	48	57	31	62
34	20	70	86	48
5	83	59	53	53
43	36	68	49	49
70	33	54	88	30
90	39	84	91	86
72	1	28	97	96
35	39	25	36	38
38	15	70	21	21
55	57	22	50	59
89	20	90	4	79
48	68	11	44	69
1	8	2	96	30
79	78	15	71	39
81	92	69	22	22
27	32	18	35	41
69	47	91	95	17
40	57	75	88	37
59	39	65	7	13
44	43	30	9	60
51	43	14	42	18
2	43	1	56	56
89	3	62	13	41
42	28	96	74	32
25	67	32	18	18
85	60	38	75	1
29	41	72	86	86
43	56	12	95	95
82	46	39	70	70
20	61	23	18	65
90	47	36	65	6
72	49	92	11	85
35	52	67	49	49
50	71	63	89	84
19	92	56	35	98
78	14	59	96	25
42	90	86	67	67
78	45	12	61	17
47	15	6	62	62
45	85	64	84	49
42	69	95	70	85
52	51	78	20	87
47	38	1	27	37
44	89	78	51	1
77	86	8	39	72
81	37	76	69	69
63	68	7	88	59
52	12	65	39	39
68	54	80	82	82
1	85	91	88	11
19	53	95	94	81
21	7	53	58	58
30	24	90	97	97
82	21	35	76	61
12	46	62	87	87
60	30	83	32	12
40	91	92	79	79
23	57	85	90	58
84	18	48	46	46
48	44	8	31	37
84	64	34	97	41
12	11	90	48	8
66	91	23	92	92
73	62	87	91	20
70	21	62	73	56
10	63	17	90	90
48	99	60	6	6
72	5	43	40	71
77	42	49	75	6
26	34	7	4	25
22	76	26	12	70
64	74	48	97	94
98	8	4	99	30
97	8	89	38	38
42	85	77	27	5
63	20	94	16	16
5	94	83	42	42
84	6	93	20	20
22	50	94	61	61
91	29	52	80	56
3	44	41	42	11
64	47	31	62	62
45	43	11	58	50
27	8	57	50	59
38	31	8	40	40
4	25	75	69	64
6	77	86	85	61
50	51	91	10	5
39	5	50	23	48
85	38	57	47	47
85	83	46	51	51
80	2	18	56	56
85	3	98	71	74
80	89	35	87	93
64	10	79	84	84
69	10	61	50	50
10	33	3	48	87
56	68	19	75	16
91	22	51	24	39
83	63	5	24	24
17	7	2	77	21
66	79	44	27	27
72	35	17	21	21
98	63	87	11	68
53	30	85	24	37
47	60	64	75	75
44	2	75	65	45
17	82	18	98	35
66	28	42	22	35
55	96	49	28	54
49	85	46	83	83
39	97	94	82	82
68	10	11	7	16
99	6	20	34	96
81	4	29	93	32
71	66	2	20	60
66	88	80	41	41
75	93	49	95	95
75	90	44	82	82
8	58	70	25	25
89	85	95	4	4
51	43	64	1	36
43	1	60	52	27
56	4	66	73	32
13	55	2	33	35
37	69	65	54	9
25	42	1	80	80
94	73	56	7	7
90	68	45	70	87
57	77	58	4	47
89	98	97	14	14
73	31	25	96	96
77	9	67	61	99
4	47	60	77	55
58	8	3	63	19
89	65	16	63	63
85	89	36	94	98
42	51	76	10	69
92	26	71	79	86
80	82	33	59	4
42	34	88	29	29
4	30	56	61	44
7	20	50	18	18
24	56	62	25	25
17	78	70	29	29
80	81	50	68	73
87	77	39	56	56
6	8	66	26	26
51	90	93	21	87
23	30	63	84	84
64	72	15	60	60
22	2	81	69	69
12	45	86	64	42
8	93	56	55	91
80	85	52	55	55
89	1	28	92	69
78	7	37	47	10
77	71	43	72	16
46	8	49	47	89
46	48	6	52	67
1	10	24	29	26
61	44	71	99	35
50	14	17	57	41
83	91	13	56	24
59	10	49	95	43
76	78	75	42	42
53	95	39	59	59
60	12	55	75	75
88	93	1	78	22
60	69	77	97	82
17	76	80	61	75
23	52	45	91	91
92	7	74	73	97
65	61	8	35	35
68	2	99	52	20
11	4	32	7	72
67	55	20	12	16
25	56	51	8	58
82	52	9	2	2
8	16	26	13	13
72	96	86	83	83
90	37	5	96	96
58	6	18	79	76
70	38	79	3	56
62	33	14	35	35
79	75	12	1	82
2	60	42	53	29
45	2	20	29	29
1	59	45	47	47
70	42	65	53	53
63	17	79	96	19
26	35	11	93	93
38	53	12	49	58
26	24	16	14	14
18	62	64	19	48
46	56	59	20	2
69	40	38	32	32
69	7	53	28	23
90	49	74	6	82
91	89	4	27	74
19	79	76	47	47
88	69	58	55	3
12	66	9	86	60
12	85	34	15	15
19	95	67	58	58
45	46	32	73	37
56	58	2	14	14
28	84	95	64	70
61	96	54	94	94
55	59	54	70	14
65	1	85	15	15
62	88	39	51	51
61	78	87	8	51
4	43	78	49	72
8	46	68	95	95
57	92	95	98	24
94	90	32	88	74
33	5	38	28	25
5	39	43	57	42
4	44	70	66	86
6	62	48	82	66
5	72	99	22	79
56	58	82	15	83
6	52	59	27	27
65	9	78	37	81
52	6	61	57	79
37	76	46	1	71
3	58	50	75	42
59	95	88	43	71
92	94	41	2	59
65	82	86	12	49
2	94	30	59	43
64	5	91	54	54
66	52	86	5	97
51	52	86	85	85
21	14	96	44	73
63	43	78	51	80
50	81	49	1	92
9	62	21	74	63
43	56	12	47	61
94	29	78	83	83
18	71	82	85	53
22	3	61	26	63
13	62	1	14	25
83	6	4	90	88
73	68	1	43	37
33	46	65	22	22
34	53	33	72	60
76	48	67	61	61
84	83	39	27	27
79	26	27	85	52
34	41	59	48	48
30	1	37	47	29
78	77	71	34	79
76	33	88	21	80
72	20	34	42	55
6	35	33	53	53
80	10	90	41	95
31	76	99	74	11
85	60	79	66	66
61	8	23	16	93
69	6	97	46	2
54	17	75	31	31
86	59	60	12	77
54	74	95	78	8
83	28	5	62	62
70	14	57	75	87
58	19	3	24	24
51	67	92	6	99
79	84	69	70	25
60	61	8	37	71
75	38	30	27	27
91	50	33	1	45
54	81	86	14	29
44	45	5	29	54
33	41	55	49	49
29	24	25	99	97
91	93	54	23	96
38	57	58	91	37
53	28	48	8	46
73	9	63	76	97
26	46	96	44	14
42	24	17	91	91
52	74	88	1	1
61	33	27	15	48
92	94	32	72	97
23	41	54	10	58
23	5	39	35	30
32	72	3	44	89
59	60	61	21	45
75	6	52	40	82
16	83	1	49	53
80	63	21	54	54
11	35	18	80	1
50	93	27	63	63
93	38	57	85	85
65	31	7	52	67
55	93	73	10	78
44	56	45	72	72
20	89	47	95	94
92	17	6	36	36
60	22	96	41	41
20	85	79	67	23
81	69	55	52	52
78	11	52	86	97
56	32	40	21	86
12	32	60	3	48
78	81	36	56	4
61	51	70	3	34
49	94	27	20	89
8	91	65	1	1
70	42	97	56	56
87	63	1	50	99
87	83	58	37	37
62	32	44	15	15
12	63	53	51	46
44	95	92	24	41
70	77	31	87	33
7	10	99	67	67
96	24	93	1	77
34	5	66	63	45
58	67	69	55	68
46	88	92	62	6
50	8	91	34	34
7	6	83	34	34
62	35	34	76	86
64	58	92	9	80
81	55	70	45	17
53	99	7	70	89
6	33	75	15	15
30	20	73	85	85
63	98	92	13	67
82	76	66	38	38
31	18	99	59	59
78	49	28	26	55
50	88	77	63	7
44	37	67	3	59
52	43	57	34	34
97	61	89	40	4
3	69	48	37	37
69	33	86	77	77
98	99	76	50	13
38	85	89	71	71
65	57	91	3	3
30	97	93	59	91
88	95	27	28	28
46	96	74	5	22
19	32	99	22	22
39	67	48	64	81
7	77	70	29	81
90	38	10	79	83
79	76	11	26	78
59	53	74	85	73
59	42	84	90	90
57	19	24	35	35
2	7	63	11	11
74	71	6	43	46
90	13	76	81	15
19	34	66	98	97
40	31	67	16	16
3	12	23	89	89
35	59	91	97	34
71	76	82	55	19
61	81	70	90	16
24	22	14	97	97
84	77	52	10	59
94	11	26	48	87
34	67	81	65	16
39	9	70	34	34
54	86	70	58	5
54	9	87	59	79
75	4	85	47	47
23	53	35	12	47
31	18	98	97	32
91	61	59	90	14
87	12	15	63	37
61	3	85	38	77
56	17	49	48	1
60	2	62	11	11
2	96	95	93	8
1	60	28	78	82
86	80	4	52	48
24	94	96	56	90
10	37	66	47	55
60	54	6	41	48
29	96	48	64	64
86	54	12	63	92
78	88	53	38	61
53	15	97	78	78
78	62	19	81	96
50	12	68	60	77
89	18	37	48	96
71	38	57	26	26
35	22	48	57	9
30	93	2	82	55
94	82	51	33	66
11	58	88	70	70
59	46	7	38	48
29	93	1	99	78
3	79	56	61	95
84	50	6	86	73
12	94	74	48	90
78	19	10	44	54
70	55	13	85	71
58	94	86	92	92
73	84	27	29	50
94	65	58	39	39
65	54	47	89	89
36	6	20	37	37
90	43	64	30	99
92	46	54	45	41
93	23	62	7	7
73	77	28	6	65
55	44	41	4	33
53	90	5	67	70
57	95	87	45	45
85	44	12	98	91
41	91	32	13	13
31	39	35	18	3
53	99	59	50	22
84	53	66	13	75
71	86	51	62	62
61	53	38	11	11
63	87	77	18	18
64	82	56	38	38
92	85	89	8	26
49	7	42	48	48
82	59	12	51	84
37	33	94	53	3
78	82	52	2	38
89	90	80	36	36
96	75	91	74	24
36	70	6	75	56
1	36	38	42	57
5	81	35	45	45
28	86	73	42	42
1	94	18	54	36
26	63	32	62	49
85	35	46	52	39
31	50	44	18	18
73	98	69	64	64
94	70	84	83	97
26	10	18	37	37
58	16	84	70	6
49	97	34	83	83
74	24	54	69	73
27	35	17	47	25
84	24	26	69	69
56	27	81	55	55
2	83	90	60	41
85	36	93	3	3
58	92	12	40	40
39	35	42	44	14
33	55	2	78	72
95	18	19	58	68
32	51	96	44	34
25	47	82	23	11
90	46	11	20	20
75	95	6	80	68
93	59	3	9	9
70	43	65	14	60
58	49	33	6	64
94	84	75	73	72
69	17	93	43	40
37	10	68	51	51
81	53	6	45	76
27	35	13	98	3
57	59	48	72	10
62	52	50	5	84
2	91	63	34	74
18	73	60	81	89
97	29	45	54	6
60	69	2	86	47
18	8	90	9	9
91	92	8	21	88
82	44	32	36	29
13	55	92	22	22
11	64	76	48	83
6	22	10	58	58
66	88	40	63	63
23	74	50	72	27
44	39	12	58	57
85	93	46	30	13
15	54	62	20	93
19	26	90	4	4
37	30	65	19	47
97	68	20	53	90
57	88	13	98	77
6	42	68	40	69
44	95	81	24	24
24	79	81	34	3
23	62	95	81	93
88	75	71	23	76
67	60	69	28	70
55	2	76	37	64
10	11	82	65	25
57	2	24	41	59
76	62	66	80	22
72	54	45	15	47
15	16	74	81	81
57	91	13	64	93
56	58	50	64	18
65	24	83	73	20
41	44	98	42	42
99	82	5	79	36
93	15	42	85	89
83	8	29	53	53
98	46	4	16	16
90	75	78	12	54
52	66	6	76	24
30	54	14	72	12
66	91	8	94	94
22	1	90	2	2
47	34	74	78	78
75	28	84	88	73
18	16	7	89	30
39	46	53	25	15
35	75	2	60	89
77	6	98	99	35
74	4	77	24	64
69	63	5	50	35
4	16	60	81	18
36	73	65	78	9
64	74	49	32	44
5	84	72	33	52
1	32	72	60	54
6	91	72	83	65
76	92	91	33	83
67	35	5	31	31
24	22	55	86	86
7	66	52	73	29
72	20	21	57	57
87	97	89	46	46
70	59	28	89	89
94	32	55	95	95
5	92	38	70	95
75	25	84	1	38
55	52	43	65	10
19	87	90	88	43
55	21	51	52	49
11	4	16	88	88
48	59	94	91	93
67	77	93	74	74
13	93	5	80	68
48	68	25	29	37
84	39	55	61	61
27	39	14	15	15
69	53	72	85	12
59	94	52	31	31
12	74	40	88	89
12	66	96	63	63
64	73	67	24	47
73	76	79	34	77
57	77	71	9	98
61	28	80	37	46
23	1	25	12	12
77	64	8	41	41
77	64	78	26	67
49	89	99	81	28
53	17	75	48	57
27	36	10	78	11
68	24	83	4	82
72	11	86	9	9
70	92	48	61	61
47	54	57	12	37
88	48	34	64	20
78	42	68	3	3
15	28	2	19	19
12	49	87	46	46
80	2	71	16	77
95	16	3	89	89
92	75	13	17	67
74	85	6	72	36
89	28	23	91	91
23	56	59	9	57
19	3	79	66	48
93	14	1	7	7
86	3	83	50	50
45	18	86	43	2
70	85	12	87	43
58	60	22	4	66
26	23	50	13	48
35	29	5	46	87
48	49	43	77	77
95	46	51	3	3
33	53	94	88	88
47	85	38	4	91
6	98	93	53	53
49	40	74	26	26
83	42	33	57	16
80	65	66	72	72
36	76	30	47	47
42	60	35	74	41
84	20	79	53	53
38	43	47	9	31
97	67	5	60	77
51	6	5	21	70
88	64	35	1	79
94	71	28	45	45
45	51	10	60	63
13	80	77	39	70
77	2	10	6	6
37	31	44	38	9
57	55	2	56	82
4	64	75	30	87
53	61	11	78	47
47	83	24	93	43
88	59	42	67	9
37	20	85	72	72
83	46	99	97	14
36	15	79	4	4
42	27	69	33	33
10	23	67	44	44
28	13	2	31	34
50	19	89	98	95
50	40	47	39	39
9	28	57	60	82
29	18	6	53	80
83	55	97	65	77
62	57	53	22	64
94	73	66	57	97
74	64	50	5	5
9	12	34	66	66
93	66	44	67	67
25	12	48	84	84
31	11	84	86	86
55	68	63	66	24
76	79	50	21	74
58	84	39	65	44
81	25	26	67	60
94	51	79	14	86
69	42	4	96	89
71	70	69	28	77
90	3	91	25	84
4	74	10	57	57
69	71	84	93	19
89	63	26	97	94
92	8	98	30	90
64	54	90	11	93
48	62	92	20	63
53	86	79	12	64
83	90	96	84	16
1	70	85	64	64
74	34	94	52	92
4	58	71	26	26
69	41	22	75	75
47	89	71	13	86
84	85	36	21	21
19	47	13	50	50
52	94	19	86	97
83	7	74	72	72
74	37	76	11	39
61	19	69	45	39
11	53	87	90	62
93	70	59	90	90
35	17	25	62	3
62	70	46	43	41
4	44	17	93	93
33	49	53	59	34
81	29	18	35	41
70	79	84	16	9
89	66	96	94	94
96	98	97	44	46
87	77	47	68	82
28	81	51	31	67
51	98	18	77	77
19	76	79	2	67
92	9	96	95	2
4	64	6	16	16
19	43	17	18	13
24	89	94	57	90
89	31	96	11	97
10	83	51	4	37
18	23	16	12	12
1	62	98	97	39
13	40	80	23	76
91	73	28	75	90
8	58	95	11	11
27	80	75	99	41
64	62	30	9	69
71	25	94	45	59
34	5	48	84	19
49	96	89	10	10
55	63	68	73	78
60	94	97	9	58
46	67	30	8	4
35	60	23	8	8
11	90	80	62	60
32	35	64	68	16
68	4	51	71	91
59	86	49	82	9
99	27	59	90	1
26	77	97	22	7
20	27	62	49	3
18	87	52	95	99
89	47	94	95	20
27	13	77	9	9
77	34	55	61	61
42	72	14	76	81
83	12	87	26	26
41	47	8	38	31
79	90	23	39	39
61	65	16	93	93
45	6	67	80	90
55	30	87	80	96
26	12	56	10	10
96	42	19	70	70
18	55	6	3	3
64	52	80	84	14
47	77	57	54	46
3	22	38	92	4
63	86	4	34	34
75	4	31	6	6
44	99	60	20	20
45	37	4	70	66
32	56	72	1	58
65	59	21	66	74
75	24	54	99	99
63	30	68	27	27
1	69	66	55	29
90	2	49	43	43
97	93	17	91	44
1	16	45	36	40
77	30	90	41	39
68	83	6	62	62
35	21	32	26	29
68	66	69	63	19
76	75	79	48	7
66	64	97	12	52
13	1	91	16	16
50	96	57	80	37
3	69	83	39	64
4	42	50	60	36
62	98	84	55	82
59	49	35	60	60
92	63	43	25	25
56	41	73	44	77
29	90	23	65	42
84	51	70	63	8
41	2	75	99	86
90	60	64	39	39
97	88	98	93	41
21	56	23	86	22
53	36	85	29	65
37	46	3	24	24
28	15	12	24	24
22	59	10	68	68
5	16	81	85	83
4	95	90	49	47
47	16	55	48	59
40	11	28	17	17
91	66	31	97	24
70	69	63	19	46
93	43	13	71	71
5	41	33	47	30
61	3	49	52	27
63	7	95	62	79
52	36	19	94	99
80	96	27	74	92
77	19	56	72	80
1	20	11	22	22
6	63	81	53	58
20	52	97	95	3
63	96	42	49	62
75	40	33	61	61
23	67	93	21	15
80	12	58	84	99
1	28	69	61	78
85	38	63	48	48
35	85	36	24	24
45	62	81	6	88
86	69	80	16	55
25	71	23	53	33
56	20	3	13	13
69	16	46	91	1
15	94	43	42	42
5	40	29	16	18
27	18	1	16	96
40	79	93	7	81
76	92	46	11	96
97	90	29	75	65
97	84	93	21	59
78	35	15	1	21
59	82	16	83	96
71	42	10	79	75
49	2	46	11	11
87	54	10	97	51
25	12	92	81	81
23	80	4	15	15
48	99	74	59	76
36	47	96	51	51
90	26	82	66	84
59	51	45	47	47
53	72	17	60	65
19	7	18	35	35
77	73	85	22	64
42	30	35	63	18
22	87	68	1	1
4	15	41	80	80
37	74	4	78	78
58	60	3	31	37
34	46	9	43	33
32	13	50	25	38
11	37	87	86	73
16	89	81	40	40
60	65	59	6	6
84	4	61	80	35
11	64	65	73	39
4	23	94	44	44
78	65	86	3	35
60	72	85	70	16
12	78	51	17	17
80	61	57	9	60
77	83	25	26	26
71	16	93	67	33
67	20	13	99	50
22	66	52	71	68
26	24	9	22	27
82	19	96	90	58
21	41	72	10	10
95	84	3	21	91
20	65	9	47	47
56	72	76	3	3
36	95	53	70	70
15	35	36	14	24
6	22	66	59	63
9	24	41	70	58
23	33	8	29	30
71	47	85	54	1
92	97	7	96	20
39	84	70	77	32
36	10	14	16	16
20	3	57	67	69
93	68	42	53	7
39	87	78	90	90
71	77	63	55	4
72	21	92	12	12
41	42	34	1	11
28	94	69	59	59
56	47	76	1	51
58	5	92	90	46
21	57	82	72	72
26	35	85	76	76
1	59	82	53	77
76	74	4	50	96
72	32	84	22	22
92	87	17	10	22
15	81	1	92	92
63	24	82	52	99
83	21	75	38	38
72	1	94	29	89
43	12	95	19	19
24	34	66	32	32
72	46	80	2	97
44	59	3	67	82
1	63	43	55	30
97	72	82	5	76
45	76	49	5	5
61	86	90	73	20
12	75	79	73	34
92	67	97	23	20
33	53	65	67	14
91	66	32	31	18
52	25	49	8	46
41	68	7	45	70
95	70	2	16	74
40	51	59	44	56
61	10	64	88	71
58	4	48	34	34
25	35	4	27	73
83	82	67	31	7
73	38	53	56	56
61	13	73	91	74
28	5	38	43	62
14	89	21	43	43
64	31	83	63	70
79	49	68	87	87
21	54	49	61	95
48	32	81	97	97
10	24	56	2	2
27	14	35	18	18
2	71	14	73	65
61	71	57	68	22
28	34	57	1	54
10	76	16	90	80
78	8	84	83	23
23	4	90	95	5
96	74	63	9	73
31	80	79	90	5
1	47	71	25	25
85	65	84	13	13
19	94	10	74	3
63	87	79	34	1
87	83	15	69	52
6	69	65	32	77
75	41	80	60	60
66	38	5	71	48
5	61	47	78	78
3	63	58	89	89
28	73	35	56	36
67	14	44	59	77
34	3	54	14	84
25	1	80	44	32
60	76	80	47	49
85	66	95	96	96
94	28	1	93	93
75	45	88	43	25
14	74	26	99	45
78	67	30	65	65
62	18	12	71	71
86	72	56	16	76
2	49	21	94	79
25	27	72	95	47
91	15	40	68	68
61	42	51	38	38
27	11	35	49	15
99	51	5	74	83
7	86	82	68	59
17	6	90	87	88
22	5	75	20	20
8	26	32	48	20
8	77	25	15	92
94	24	92	34	34
98	90	94	14	14
27	89	76	35	38
21	25	44	83	83
64	82	93	30	30
58	24	26	99	33
23	70	45	28	28
19	48	80	54	54
73	9	44	5	5
14	57	66	42	61
96	71	8	83	83
74	37	7	24	72
12	91	63	95	95
11	98	20	66	91
71	96	90	77	77
93	74	76	5	46
75	13	64	73	39
69	18	92	47	47
4	28	11	23	23
60	79	26	73	73
2	44	58	75	80
74	83	46	57	16
38	36	75	96	15
93	77	61	49	49
29	64	59	71	71
49	48	14	36	42
62	69	7	89	61
56	79	38	59	59
28	85	21	32	32
17	63	60	55	72
31	36	49	17	17
73	53	19	57	23
66	75	82	51	35
44	12	92	76	94
77	24	48	93	54
10	56	69	49	77
19	60	7	27	27
50	56	1	59	14
71	55	74	68	68
60	84	55	42	39
17	48	97	15	15
43	97	26	49	70
44	73	1	69	69
34	5	33	53	19
23	16	24	61	61
58	26	99	77	92
67	14	62	65	65
30	55	74	12	12
88	64	50	2	66
8	26	91	56	50
39	9	52	55	64
33	28	75	51	92
6	93	31	40	39
73	87	96	66	17
23	20	28	55	55
26	41	6	22	15
47	75	79	2	40
3	50	81	83	28
81	72	67	38	38
53	10	66	95	97
64	31	43	58	2
28	53	59	80	80
40	67	86	88	88
81	57	16	94	94
42	93	61	64	64
90	51	70	14	87
4	83	70	6	45
43	70	79	11	11
63	39	67	71	2
88	15	10	61	61
3	5	58	53	76
31	30	52	10	60
3	76	72	38	48
10	60	63	56	56
98	17	66	62	75
1	75	63	73	71
28	92	21	15	82
62	43	85	27	89
45	89	96	15	15
62	32	65	10	56
65	54	78	22	9
69	58	95	13	85
97	10	86	67	67
79	4	10	19	19
50	89	9	61	91
56	46	95	42	42
14	41	69	39	39
50	47	78	12	45
84	62	13	55	77
73	4	37	39	39
90	83	6	85	24
90	66	72	4	50
90	33	1	67	8
48	38	14	49	40
98	19	32	99	99
12	93	70	8	8
54	52	97	50	50
95	37	44	87	87
44	10	2	28	28
26	59	81	66	38
11	90	29	89	93
4	74	41	90	73
94	79	27	66	12
73	2	20	37	61
25	6	43	73	58
9	99	84	37	56
73	74	57	48	15
45	84	12	96	96
62	22	23	81	1
76	93	25	79	81
47	73	82	77	77
7	52	56	59	24
80	17	73	8	55
47	42	62	60	60
83	30	16	40	40
79	27	93	14	14
17	71	4	13	13
96	76	98	88	32
94	13	92	2	87
22	69	89	87	66
22	89	60	28	28
30	9	99	6	6
83	68	27	73	85
34	87	56	14	13
26	91	14	59	3
73	1	34	65	85
88	15	11	96	96
77	15	90	54	85
84	31	18	46	76
34	30	52	49	4
56	86	12	85	15
35	20	77	89	89
57	70	6	51	51
62	51	42	14	14
28	29	51	57	57
98	47	3	65	65
4	80	18	58	58
63	21	50	3	64
1	83	84	69	18
53	2	37	26	47
52	98	74	8	86
49	50	7	48	2
92	1	91	18	77
99	79	46	94	94
1	30	35	29	34
2	19	10	24	78
65	85	44	91	6
18	24	54	50	89
23	89	88	86	50
66	21	47	40	62
55	65	90	70	5
43	52	33	44	8
89	88	20	28	61
35	30	8	72	72
6	79	76	99	99
21	9	46	5	5
3	81	25	96	98
28	6	79	2	42
90	54	59	97	44
76	71	27	91	92
35	3	43	26	49
21	20	94	23	23
24	71	51	90	16
64	96	32	45	45
61	70	24	41	34
35	92	76	5	83
61	42	46	24	45
45	36	32	8	8
4	15	74	93	9
31	32	1	29	6
91	92	85	81	81
64	95	72	29	22
83	78	12	80	80
49	33	26	40	35
73	12	39	44	44
4	52	84	43	81
44	34	52	21	21
45	57	31	8	54
75	16	78	98	98
81	55	11	86	86
30	20	2	28	16
29	50	35	39	5
49	40	22	52	39
70	53	21	75	69
60	20	39	58	58
93	47	24	72	98
97	86	81	25	25
66	24	41	98	98
67	73	16	7	7
41	63	80	34	34
33	56	7	69	69
78	35	83	89	9
39	25	34	62	62
67	55	20	72	77
95	94	42	99	93
10	86	6	44	36
81	96	98	8	35
9	63	96	55	92
60	69	96	15	93
53	62	75	27	27
29	93	77	55	52
97	65	99	74	19
80	86	3	91	22
90	40	37	84	89
13	87	21	20	56
53	67	73	85	91
83	28	84	86	61
95	79	60	31	55
99	67	92	87	58
82	70	65	83	13
52	62	60	4	20
29	43	92	76	76
76	63	45	54	5
93	35	99	92	83
5	30	31	42	33
34	63	40	45	72
63	47	56	52	52
67	12	27	8	93
37	44	75	2	73
36	81	89	84	23
68	46	70	64	19
4	51	88	49	84
67	31	92	93	95
80	87	2	45	53
22	80	97	82	82
71	8	85	95	50
85	34	75	9	79
99	62	94	87	25
58	68	96	44	44
12	98	19	31	79
35	55	67	5	54
24	73	49	42	42
28	33	13	26	26
18	73	94	93	58
63	52	7	35	53
55	98	20	36	38
12	86	64	51	7
91	94	74	21	73
37	4	91	81	52
38	10	48	30	23
82	17	30	78	4
5	63	44	96	95
70	27	6	77	58
91	21	50	69	69
36	51	52	22	22
79	67	10	52	89
43	34	41	28	28
25	96	38	39	39
7	51	81	68	28
40	11	30	45	42
91	27	73	95	39
11	27	49	45	92
97	5	71	28	28
44	68	53	77	77
67	43	6	65	65
84	26	89	99	99
28	43	42	24	2
39	33	18	7	81
28	94	89	3	50
88	63	91	9	66
63	17	66	5	68
35	55	30	96	81
86	28	64	84	84
53	69	2	45	44
81	73	95	11	58
49	12	58	36	55
75	39	78	13	83
1	64	46	93	78
92	53	91	47	47
24	76	1	56	77
44	56	29	34	34
85	35	6	81	81
74	4	53	95	95
35	93	61	97	97
79	36	63	84	5
1	8	13	36	15
16	52	82	86	38
29	10	40	53	53
90	91	26	64	80
35	12	40	51	51
95	36	52	89	93
80	71	39	9	68
44	47	68	51	3
70	11	95	60	82
89	37	92	12	82
93	53	76	92	92
5	99	96	20	20
61	21	63	2	47
78	76	42	15	4
24	66	42	68	68
18	47	90	96	23
99	19	61	70	91
59	2	44	84	84
88	60	75	85	22
65	11	55	83	83
42	94	53	55	34
54	39	24	45	40
30	67	83	39	58
80	5	42	84	56
90	32	81	88	75
81	55	16	78	91
50	69	9	47	74
61	94	79	25	75
86	75	79	21	60
67	90	73	52	52
35	44	57	51	15
32	78	82	80	80
1	35	61	82	70
60	49	66	64	64
73	56	57	91	2
90	89	54	22	22
93	60	13	68	65
86	83	89	35	26
50	17	83	97	97
81	75	89	84	31
50	3	70	47	49
87	1	74	38	64
61	11	27	86	86
10	42	84	89	72
64	25	49	50	17
88	13	82	49	71
50	24	71	90	90
60	17	79	45	21
16	47	46	93	93
4	29	26	60	41
87	17	79	43	73
45	42	53	73	73
7	89	59	41	70
14	74	68	99	84
77	81	8	12	12
16	12	63	72	72
62	78	28	7	1
22	21	9	20	29
51	87	64	39	39
61	84	76	3	3
97	27	80	89	1
79	17	33	80	6
13	30	34	33	4
50	16	9	48	48
35	12	30	24	24
43	73	45	17	17
54	49	13	69	70
50	77	91	86	86
4	49	61	50	31
7	91	18	40	88
11	70	48	60	78
32	72	76	37	43
56	32	52	31	31
85	72	43	97	3
99	61	67	90	90
38	43	76	52	52
2	78	24	69	67
47	80	59	10	83
85	6	46	90	21
33	80	7	73	36
58	35	74	4	63
15	50	71	83	87
71	7	21	73	73
31	93	1	48	48
85	82	25	67	71
2	58	97	94	46
18	77	50	83	75
21	51	36	9	25
97	70	77	88	63
44	7	9	29	4
98	35	79	90	90
91	19	38	21	49
68	1	28	63	47
5	46	23	62	93
2	55	1	59	19
31	29	93	91	23
82	60	51	87	31
57	41	60	7	72
52	10	67	99	99
39	15	85	72	72
85	96	48	57	21
44	59	8	47	67
64	86	96	51	72
75	67	32	11	73
64	2	95	97	39
18	80	73	96	75
86	19	87	6	6
65	37	77	14	42
56	75	98	4	4
81	32	73	75	78
77	9	41	89	78
79	44	21	1	61
44	37	84	16	16
65	28	33	16	16
76	68	17	48	70
32	43	98	61	8
39	29	2	24	44
84	71	75	90	25
84	78	71	68	42
95	17	39	64	64
36	30	64	35	35
77	38	97	22	22
6	85	44	70	68
36	37	24	12	12
17	55	66	52	59
53	29	56	84	84
39	44	12	51	22
99	1	63	39	98
42	8	45	19	76
89	10	99	73	56
43	22	64	94	32
81	29	6	69	87
96	80	97	22	2
80	95	39	9	33
36	30	42	84	84
55	18	85	50	60
78	42	74	97	97
28	72	37	13	54
69	25	39	60	60
35	60	52	91	92
36	58	5	78	81
3	70	56	50	85
78	11	13	8	86
42	10	97	75	88
65	68	46	32	32
27	55	7	41	41
92	2	45	94	55
65	11	32	76	76
97	64	44	50	14
1	37	65	69	38
91	34	26	63	61
28	42	15	63	63
13	70	37	73	73
56	95	75	89	91
91	7	9	56	29
96	78	75	20	79
82	45	60	32	32
52	1	16	60	54
52	34	37	77	77
81	47	11	70	67
48	5	53	28	40
46	15	22	79	94
50	55	54	71	9
31	74	8	40	40
69	45	94	74	74
35	62	55	88	88
43	88	13	96	3
32	17	85	47	74
39	94	66	93	42
28	8	74	94	94
58	91	25	65	99
97	53	96	24	99
44	76	10	98	98
96	39	74	3	43
90	17	99	13	13
64	24	9	16	16
95	48	19	56	56
52	20	13	82	82
21	64	31	81	81
30	55	48	19	19
24	41	26	90	90
16	96	95	90	22
47	54	2	35	66
48	10	40	66	64
5	89	67	63	63
74	15	73	97	97
27	95	93	52	52
44	65	95	25	49
24	10	66	79	79
62	50	66	14	28
19	61	13	63	76
66	73	31	24	24
87	2	6	95	9
67	60	40	4	42
61	14	77	95	80
33	50	95	30	30
25	65	48	68	1
25	77	17	36	85
80	32	52	60	60
16	59	50	12	65
46	85	64	5	70
63	49	80	60	6
12	85	51	71	72
96	99	12	34	92
24	30	47	66	41
7	42	34	30	98
19	90	79	51	91
2	87	86	69	1
56	15	72	95	92
79	77	93	48	9
63	80	89	49	7
46	43	30	52	52
92	81	77	91	13
29	56	84	26	26
12	45	33	52	21
90	98	83	22	22
73	46	19	49	49
12	66	17	65	65
18	66	74	1	97
76	88	6	40	40
2	19	94	61	61
52	33	12	54	47
7	51	52	62	88
69	55	34	58	95
6	4	63	30	88
79	9	51	92	72
95	90	10	72	74
40	34	26	72	85
38	10	69	71	55
26	96	74	35	24
9	89	90	93	25
48	35	68	69	69
42	85	9	69	77
11	36	18	75	1
93	81	58	53	3
72	75	31	79	10
32	83	14	93	93
13	68	21	5	42
48	18	33	12	12
9	57	69	50	79
90	65	49	51	51
70	52	15	49	20
76	86	28	69	83
65	87	90	66	19
85	83	55	66	17
47	52	37	62	6
75	80	15	67	96
49	31	71	93	93
83	16	17	33	33
42	12	90	36	98
17	89	44	49	65
17	11	94	57	57
47	3	62	33	50
93	80	53	89	18
4	63	35	97	41
73	33	81	54	39
74	78	55	52	50
98	90	58	68	93
46	75	28	40	8
5	84	64	97	56
5	65	70	35	80
34	86	95	76	3
55	19	57	49	49
71	4	46	40	64
53	75	88	17	82
16	8	35	85	85
80	23	94	72	72
45	3	80	6	72
85	76	46	65	67
22	93	1	80	63
41	20	6	42	42
67	82	57	14	68
59	18	66	37	37
51	94	8	96	63
5	48	94	74	74
34	72	17	25	25
4	67	85	93	42
97	93	69	13	13
90	44	6	62	62
29	11	71	64	64
15	98	76	93	57
88	43	55	63	63
78	8	59	33	33
41	40	27	83	98
83	79	66	25	89
61	15	76	66	55
29	69	57	54	54
36	88	7	59	13
46	2	35	26	26
80	61	40	78	57
21	88	80	84	54
7	60	34	54	46
96	65	63	44	45
54	8	57	90	85
81	53	60	8	89
37	3	90	85	64
7	21	85	4	4
22	45	68	84	95
50	3	38	53	24
71	74	1	20	88
46	68	4	82	82
72	99	83	57	7
94	77	65	10	66
51	11	42	9	7
93	75	48	10	83
12	36	46	2	2
28	60	2	75	66
61	71	18	11	38
79	81	12	91	46
7	60	76	35	71
27	58	42	79	94
30	60	6	58	68
16	5	71	95	95
40	76	90	37	95
73	85	66	71	20
73	9	92	15	83
28	68	76	51	51
90	41	29	32	1
89	53	86	31	62
54	73	69	80	80
21	14	59	99	99
41	53	92	10	10
43	62	32	83	94
63	46	26	6	8
90	39	91	61	58
25	86	59	56	56
4	42	92	59	91
39	71	10	31	26
68	82	44	92	5
31	82	40	7	7
43	3	20	13	13
60	40	14	31	31
29	77	79	38	38
83	92	81	17	54
59	35	32	55	2
80	48	70	26	64
90	78	44	74	74
18	16	64	80	33
60	89	78	26	65
47	41	28	56	56
83	13	56	69	67
65	42	79	13	80
68	85	25	94	94
33	48	4	40	31
82	90	93	8	57
75	21	85	96	74
78	48	64	15	74
5	50	33	70	70
11	43	59	76	72
5	47	49	79	72
31	60	40	97	97
76	87	2	66	36
70	48	51	49	4
69	64	53	8	85
37	25	57	42	42
45	7	24	41	41
94	55	18	70	70
80	24	77	71	6
89	85	93	45	81
59	54	8	77	87
52	14	31	22	22
8	81	63	19	19
2	56	19	87	87
84	60	69	14	28
87	76	50	58	5
8	87	49	48	48
23	77	69	62	62
96	71	79	62	10
31	50	49	7	7
61	93	10	2	2
52	60	48	74	74
56	76	50	7	84
3	65	14	5	46
3	64	30	85	82
19	2	9	15	18
42	11	93	25	72
44	6	79	99	87
91	60	88	66	79
68	26	16	7	7
48	65	49	75	6
76	61	68	14	51
5	12	87	37	27
9	53	8	94	15
6	77	1	93	93
39	70	11	81	59
94	83	21	93	54
81	83	59	90	90
77	74	21	70	52
53	66	1	55	26
49	96	94	29	45
97	60	19	18	18
81	73	28	74	74
92	45	68	77	3
94	54	77	14	85
73	8	84	83	28
95	51	36	49	49
67	89	58	4	4
86	22	23	29	9
8	38	76	85	72
74	57	58	90	99
88	65	18	39	9
5	52	53	59	77
8	83	84	99	99
77	84	87	37	12
15	48	25	9	11
8	86	53	51	84
84	61	57	11	72
53	4	29	21	21
19	87	61	18	47
83	8	52	51	85
84	70	28	21	21
28	63	77	59	59
85	53	61	64	4
89	99	96	87	87
63	88	68	17	79
85	48	89	19	83
4	63	85	94	48
98	39	94	1	65
21	65	62	57	53
53	72	27	35	91
74	17	91	92	53
49	13	58	86	86
37	90	41	66	66
39	85	21	82	41
80	92	33	59	61
12	69	57	84	84
86	21	50	80	87
76	43	94	2	73
27	98	64	96	90
23	3	67	77	70
2	47	80	66	77
68	14	72	49	49
95	70	1	46	76
95	28	70	91	85
5	48	39	77	77
55	39	63	34	34
46	60	53	86	19
79	64	14	35	78
15	74	24	26	35
80	29	72	82	15
55	38	47	96	96
47	91	29	60	60
92	32	18	19	19
41	38	67	18	78
93	48	12	74	88
80	58	92	97	97
10	81	93	76	76
69	91	20	4	92
90	29	6	96	85
44	17	99	52	52
4	80	67	49	94
71	5	41	75	75
14	85	76	98	98
63	27	28	38	61
43	88	85	63	72
80	4	18	56	19
16	44	51	27	27
65	27	48	55	33
93	89	94	84	39
70	10	1	69	63
49	95	53	15	15
41	73	36	39	42
3	71	50	25	69
53	14	45	89	21
54	74	71	45	45
76	4	47	75	75
21	79	81	78	78
48	36	2	62	90
85	33	98	71	54
74	52	47	7	58
71	9	54	87	97
41	78	90	77	8
31	69	80	62	70
17	47	81	61	74
88	19	57	14	14
88	41	46	71	71
78	83	63	92	20
56	65	74	77	77
51	70	87	6	98
31	96	57	99	69
52	87	73	6	6
88	56	45	51	51
71	95	82	97	27
15	67	37	66	70
80	82	98	25	84
49	82	24	73	73
35	73	46	15	15
67	36	13	70	62
34	44	91	65	65
69	70	77	29	7
1	38	66	77	77
77	1	93	90	90
2	77	63	61	34
92	72	98	16	64
86	57	71	42	27
96	59	88	70	83
51	25	27	35	35
80	38	44	5	33
69	80	82	41	13
90	74	83	22	67
59	22	36	16	16
51	30	82	97	97
10	77	81	21	21
78	68	39	48	48
78	92	47	15	15
66	33	96	86	62
38	90	25	97	97
79	9	52	83	98
34	59	49	70	1
78	67	77	18	48
46	11	81	54	2
79	59	73	22	94
15	64	34	60	63
37	99	39	51	51
17	28	37	86	86
32	27	52	76	49
66	68	82	22	22
54	34	92	7	26
83	82	3	81	18
47	15	12	23	89
92	58	69	75	29
63	90	19	78	77
88	78	91	64	82
33	52	70	38	45
90	15	80	12	12
94	95	38	82	8
94	89	3	84	84
63	40	6	54	44
82	88	62	27	91
80	81	90	21	79
85	84	76	66	66
8	31	42	11	85
12	9	39	74	74
95	83	44	61	61
75	80	40	11	11
61	57	73	69	69
84	88	72	19	19
92	96	72	42	7
27	75	28	96	87
46	69	8	85	85
53	6	68	63	32
33	44	96	75	29
17	66	70	20	20
54	3	75	42	42
8	67	31	62	72
68	19	72	64	50
49	77	66	91	91
37	25	52	4	66
21	14	57	49	49
82	57	73	74	53
55	66	78	6	21
80	4	76	97	2
32	16	29	21	1
2	83	56	84	33
61	14	5	54	23
93	34	90	4	70
64	93	30	87	36
46	7	45	39	22
87	61	84	66	66
40	9	11	2	2
94	24	82	78	76
38	40	89	69	37
12	77	99	27	27
37	52	49	83	57
57	81	95	18	83
68	14	97	76	78
31	43	25	95	95
46	68	19	31	72
18	71	95	73	82
71	52	85	15	77
43	62	25	82	24
60	95	67	30	30
85	36	28	19	19
66	49	67	74	17
66	80	46	14	14
86	84	2	38	54
17	48	55	20	20
70	41	97	42	42
85	82	70	43	74
90	80	64	40	2
54	75	63	90	6
35	87	72	75	75
92	84	36	28	49
1	71	84	38	61
66	45	68	37	6
45	93	43	34	34
95	29	41	96	96
67	16	27	65	17
84	92	58	19	80
58	77	83	54	54
57	68	69	80	60
91	81	60	45	2
78	56	82	38	4
34	57	69	42	42
57	98	31	42	76
95	62	45	5	93
7	43	54	42	37
95	76	92	4	30
78	56	99	12	88
35	14	58	22	88
6	95	71	59	72
89	46	83	11	98
48	22	43	4	4
41	29	9	27	55
3	76	72	63	71
73	30	28	44	44
60	79	57	33	97
62	87	38	31	31
77	30	85	61	61
27	18	16	86	86
79	44	83	66	66
52	66	1	53	29
10	97	15	57	3
60	79	88	25	72
98	28	96	10	10
88	38	52	51	75
16	77	65	17	86
9	36	68	62	74
29	84	40	18	18
85	17	84	65	65
64	71	29	76	6
11	32	50	36	93
74	40	45	11	12
65	97	4	87	47
61	80	60	77	19
66	46	65	77	89
7	96	99	19	97
64	55	30	95	95
21	7	92	90	87
51	19	86	41	41
84	81	28	71	71
26	81	44	70	22
11	76	4	75	77
89	94	13	65	60
68	35	60	57	74
57	17	45	43	43
84	65	73	16	16
5	52	61	77	19
14	92	84	70	58
15	86	71	17	33
54	77	18	62	74
92	74	71	59	10
78	77	28	75	87
92	86	19	93	62
29	30	18	16	16
11	56	71	87	96
4	26	62	59	59
59	52	49	11	69
23	35	30	99	99
96	56	94	74	16
59	68	41	52	8
43	21	14	30	74
72	87	67	2	2
83	57	40	2	73
4	43	77	44	45
94	8	54	62	39
14	56	23	46	54
24	88	80	32	32
30	1	76	61	63
15	31	6	3	3
7	58	56	74	48
18	75	64	77	90
32	63	17	31	40
16	69	10	95	43
63	79	62	2	37
2	7	96	49	98
63	49	64	1	87
63	98	37	67	67
3	27	28	25	37
75	87	21	8	8
30	21	18	80	80
6	50	21	56	53
87	40	23	67	67
59	67	74	20	80
91	56	37	48	34
21	54	42	51	3
14	91	60	87	63
49	7	90	11	11
32	57	97	78	78
31	73	8	76	64
68	14	52	82	74
2	75	49	41	64
41	46	30	66	66
44	99	67	11	11
1	19	33	64	58
23	20	71	6	6
84	43	83	8	46
21	99	76	86	86
97	96	53	5	98
14	97	41	19	6
70	19	63	98	98
95	54	75	89	89
17	56	63	85	85
73	99	26	89	33
12	18	24	97	49
59	36	1	23	23
73	22	86	30	12
79	38	97	3	49
58	80	17	86	68
61	23	5	47	69
98	87	75	26	26
92	22	93	48	90
5	70	17	40	19
3	17	64	60	57
97	46	80	91	91
75	14	81	22	85
94	83	5	86	29
71	48	37	1	59
42	6	46	29	71
3	18	67	65	57
29	43	50	38	5
75	99	84	27	27
25	36	42	84	84
69	15	53	70	48
23	90	50	86	27
26	75	76	8	67
39	11	63	51	58
39	77	22	65	85
15	67	53	50	70
82	81	2	27	93
89	75	2	52	55
35	14	32	76	76
13	4	60	21	81
27	37	38	7	26
13	57	67	45	58
74	4	43	47	66
53	55	31	96	96
81	94	80	42	51
47	77	98	37	37
57	85	36	64	64
55	44	80	56	56
89	74	97	20	54
34	29	42	58	7
5	79	54	71	97
19	77	49	79	79
42	66	64	81	5
82	65	32	12	63
50	46	11	28	96
26	15	19	25	25
78	69	64	26	26
71	68	55	90	7
85	66	24	89	75
23	97	98	30	30
53	57	23	43	10
59	73	4	6	6
90	1	92	88	8
62	34	24	13	13
4	87	70	94	39
77	3	96	67	54
10	64	65	32	54
73	30	27	28	28
76	25	35	33	33
32	90	1	61	89
13	94	64	63	87
69	24	87	88	68
72	88	77	2	31
91	59	17	96	96
30	56	65	2	2
63	95	2	80	51
57	19	43	17	60
14	58	86	40	40
92	98	87	3	23
83	71	46	14	86
82	97	80	92	30
6	50	27	49	43
54	16	27	63	37
19	26	34	52	52
5	45	82	99	81
36	52	58	57	44
32	26	56	54	68
41	32	1	88	88
66	29	68	61	61
68	82	23	79	63
15	8	12	3	3
41	8	35	83	60
20	86	38	75	75
74	72	78	59	59
67	24	25	13	37
44	42	46	82	92
74	68	58	83	17
21	81	1	82	91
4	49	83	80	45
91	86	49	8	63
10	75	70	92	59
63	20	98	76	94
45	3	19	20	20
74	81	15	71	42
84	14	86	98	98
3	68	50	99	86
76	61	83	7	43
67	7	92	6	6
85	71	92	8	34
67	4	15	12	12
89	62	20	73	46
4	58	80	54	92
20	47	92	22	22
29	34	17	46	81
5	58	25	89	89
61	10	80	94	67
14	47	41	85	85
73	56	38	60	4
23	39	87	32	32
61	55	42	68	11
70	7	93	92	38
3	1	77	56	56
37	26	41	6	46
49	54	82	16	16
50	9	23	66	61
56	62	78	84	14
3	89	76	78	78
5	53	81	55	64
38	7	17	3	1
19	57	77	20	20
87	88	54	28	51
30	8	24	52	72
20	54	11	64	48
63	37	89	2	2
91	44	94	78	78
10	61	94	55	6
92	75	31	25	21
24	15	68	69	22
97	98	6	62	49
41	11	45	60	56
8	21	72	49	49
78	3	70	77	49
57	12	45	34	34
17	99	11	89	3
71	14	49	10	10
83	57	44	28	43
54	7	29	26	1
96	93	90	60	60
77	42	12	72	64
64	29	21	10	67
26	30	5	20	33
65	13	94	64	85
14	79	48	44	96
11	28	39	40	35
78	53	15	63	82
44	3	15	40	40
36	67	62	10	10
23	19	67	9	53
70	75	74	21	30
50	64	77	97	4
6	96	64	79	61
2	17	4	73	90
79	80	53	52	52
40	62	98	60	42
84	30	73	95	46
26	97	72	73	6
85	6	66	54	62
31	33	3	16	37
44	3	16	34	34
74	38	34	18	18
2	60	57	67	21
13	41	68	73	63
60	27	71	96	96
15	70	92	14	14
12	38	22	8	8
36	26	49	9	9
22	39	35	55	55
38	41	42	51	51
13	8	91	17	28
50	80	91	31	60
95	61	8	27	54
8	9	88	59	59
23	76	80	55	75
44	37	68	5	77
97	35	69	82	44
2	34	54	1	1
81	21	49	3	3
1	93	84	32	72
75	43	50	30	30
98	70	61	72	72
99	80	15	82	66
41	21	15	25	51
96	7	2	11	49
94	92	77	79	30
46	73	75	49	9
56	7	67	29	63
85	48	17	24	30
49	12	42	1	1
90	9	73	87	40
47	27	96	14	58
46	25	69	73	35
81	53	17	68	99
21	61	22	4	4
86	18	80	90	90
6	31	20	64	83
19	38	31	2	42
3	89	88	72	76
71	10	73	84	84
2	72	56	40	40
81	57	90	99	35
56	15	48	25	25
61	27	94	32	56
85	95	96	99	39
32	39	27	45	4
38	90	49	76	67
35	62	90	44	98
95	93	63	97	13
65	12	5	93	93
68	5	45	86	69
54	16	47	82	40
52	71	54	36	3
94	21	3	56	56
94	1	26	42	28
94	37	92	82	97
28	5	27	16	16
85	90	23	27	27
45	28	46	69	69
79	63	22	39	32
61	60	6	99	89
1	33	38	53	37
11	70	98	87	61
2	95	30	91	86
29	83	92	99	93
25	6	81	67	87
42	98	93	19	43
78	95	64	34	72
76	12	84	50	66
58	77	71	17	59
71	62	73	28	75
27	18	38	95	93
47	73	63	72	18
12	39	59	96	96
73	76	21	29	51
72	82	64	17	92
73	3	82	43	6
8	77	43	74	53
12	68	47	24	24
79	74	8	2	24
75	41	78	32	32
49	77	5	43	43
98	95	30	45	45
79	1	82	90	65
30	12	31	35	36
36	54	79	98	98
71	38	19	84	84
85	60	81	92	21
79	42	62	87	63
98	97	15	75	54
2	93	43	59	88
1	75	46	47	47
89	1	66	29	85
74	64	22	13	33
3	53	15	46	51
52	40	38	68	68
52	78	73	25	25
40	14	84	59	59
38	57	61	73	5
14	54	51	61	61
27	98	6	30	30
50	19	92	3	40
36	90	31	65	19
33	3	29	45	34
12	68	62	55	43
96	55	80	57	79
28	6	73	74	74
95	28	87	77	77
20	78	74	68	90
87	32	70	77	77
4	41	54	25	13
35	70	87	53	49
22	78	65	83	67
96	97	24	85	61
95	81	17	7	33
84	52	4	43	43
72	16	76	84	52
16	49	5	36	96
40	3	34	50	32
64	69	85	92	60
70	40	6	71	54
57	36	80	79	79
22	76	60	69	69
46	70	54	82	3
98	89	72	91	28
69	33	5	94	16
67	82	54	6	55
84	82	59	14	14
98	21	99	2	2
89	22	70	11	11
94	20	27	11	11
69	19	44	8	8
18	7	91	15	29
71	6	39	75	52
38	73	83	12	79
72	3	88	97	40
8	77	7	65	65
91	12	36	92	81
88	96	99	35	84
55	80	5	91	57
7	45	77	24	58
59	97	32	86	86
36	49	79	21	20
99	60	34	45	45
21	60	12	62	62
76	30	25	84	84
94	90	74	30	67
33	47	67	46	34
90	60	80	12	12
82	50	56	78	10
38	66	69	53	10
89	80	71	83	22
70	10	28	74	76
49	64	79	88	28
16	75	52	56	74
3	57	80	74	35
56	6	26	51	51
69	40	55	75	7
3	64	50	77	46
46	1	29	25	3
57	95	82	2	2
46	96	51	85	85
65	48	34	14	9
39	38	32	18	5
4	22	67	39	66
41	64	91	58	79
60	54	78	14	82
65	87	78	49	9
39	47	99	26	73
31	96	84	92	92
49	71	77	16	66
38	4	65	32	32
77	10	38	99	99
47	39	4	64	71
73	32	52	17	77
17	93	70	46	46
10	84	43	41	25
89	94	45	19	95
44	79	83	15	73
76	87	6	79	31
7	41	51	67	56
19	86	40	15	14
32	92	84	12	44
17	15	12	57	82
94	18	74	13	13
79	6	78	20	72
89	90	30	6	69
30	93	28	5	5
61	7	39	2	2
63	80	68	14	70
51	2	48	69	82
22	85	93	83	2
43	16	73	82	82
48	49	68	67	14
45	68	16	63	72
3	72	41	49	12
56	78	30	67	67
63	44	37	43	64
61	14	11	41	93
58	62	88	13	76
9	68	92	19	79
24	87	99	93	66
3	33	15	40	40
2	56	16	21	21
56	63	74	11	69
3	75	41	82	82
39	99	44	65	46
47	95	38	60	45
70	91	99	58	6
88	93	71	57	57
3	64	77	99	63
7	38	89	70	84
54	18	85	91	97
71	67	18	19	19
53	27	84	30	30
56	63	54	22	3
20	77	91	12	12
96	46	15	93	83
42	4	10	19	19
91	92	85	17	24
41	73	33	12	12
33	92	7	81	15
33	2	98	57	23
10	62	87	51	90
69	38	6	50	30
23	33	57	89	20
24	92	28	49	90
40	2	96	62	97
29	63	32	41	13
5	60	41	31	61
59	81	99	16	90
36	94	85	34	34
4	77	28	91	91
43	67	66	22	22
2	58	90	54	72
65	35	74	27	86
22	41	75	11	11
73	65	72	29	67
87	80	73	77	28
81	30	47	88	46
60	56	58	41	41
56	67	57	24	63
89	66	62	16	16
85	10	84	71	71
4	15	82	29	29
57	78	77	16	90
67	17	46	66	66
33	72	56	76	71
78	55	97	17	95
72	60	40	79	7
60	5	83	99	65
54	32	98	15	67
94	2	87	53	52
98	26	16	53	51
11	74	46	57	57
58	57	96	8	93
93	5	91	94	94
80	34	30	46	58
99	95	70	5	43
35	39	97	18	18
49	71	7	46	76
90	80	42	76	76
61	19	72	79	79
4	84	56	79	41
78	97	8	76	88
12	29	20	19	48
77	22	91	2	93
97	48	46	21	73
83	88	89	29	65
76	1	96	65	65
17	61	75	51	72
77	55	56	73	15
9	29	82	35	26
7	55	11	25	25
59	1	23	60	70
13	85	83	56	57
20	69	23	64	64
53	91	9	81	66
35	8	85	98	98
10	81	66	83	39
32	67	7	6	44
94	79	22	91	2
75	90	61	16	16
10	59	17	9	81
99	43	85	24	24
13	44	15	59	59
46	92	35	99	99
69	35	73	64	11
25	43	61	37	37
30	33	27	4	43
56	96	11	77	81
85	17	63	21	21
28	33	9	87	87
24	1	90	98	98
23	67	98	82	82
75	89	26	92	92
77	18	85	75	54
46	92	68	54	54
77	51	27	16	76
69	91	22	93	70
46	65	63	6	81
62	66	43	49	49
25	37	19	76	76
15	84	82	53	53
93	87	5	51	2
10	7	69	99	99
96	98	89	78	56
7	24	84	71	51
12	69	2	21	21
98	63	36	20	20
50	72	23	94	94
28	63	52	44	44
59	66	71	17	51
52	27	17	51	51
32	99	27	45	45
1	55	38	37	64
26	95	68	14	56
36	5	21	27	34
44	72	6	31	21
46	18	17	98	98
77	33	84	21	21
59	39	26	37	37
38	8	61	3	43
53	66	55	83	83
78	71	50	3	61
42	67	80	57	3
14	8	12	98	98
2	47	66	58	58
85	1	30	48	79
61	22	78	71	53
71	94	34	73	73
19	82	91	88	88
12	76	29	51	2
98	49	73	74	74
38	62	63	1	98
55	4	23	66	66
2	82	94	55	81
88	16	94	99	48
34	32	24	68	68
93	91	26	19	3
23	71	72	2	68
79	99	38	7	7
37	81	78	8	63
51	60	49	16	64
31	97	36	80	80
13	90	68	54	84
53	12	88	81	99
89	86	23	75	3
72	94	85	79	79
24	42	95	18	76
75	58	89	68	76
8	87	64	33	96
9	61	50	89	91
94	60	12	3	55
2	8	13	87	87
3	90	88	95	15
81	21	18	32	14
17	11	3	19	16
34	88	86	38	38
31	76	4	25	34
53	60	54	49	49
98	78	60	80	11
38	43	9	42	24
14	63	62	52	1
60	25	31	59	48
31	61	30	92	57
69	30	19	1	93
56	47	31	63	4
11	24	96	74	70
89	17	6	88	42
64	63	69	86	12
54	49	51	30	17
74	11	49	83	92
54	8	31	18	18
46	10	48	74	74
88	22	57	5	60
19	20	69	37	14
73	24	61	95	57
62	32	84	35	17
28	87	76	79	75
77	59	64	8	8
32	42	97	88	65
28	7	94	3	3
5	78	67	91	86
60	14	62	52	52
63	1	37	64	64
88	36	1	86	86
90	5	53	97	61
75	15	32	8	90
14	26	17	75	62
8	80	38	84	93
17	83	60	69	46
27	68	67	78	3
52	2	50	68	42
13	42	95	45	71
10	44	36	9	14
84	43	1	76	51
45	25	9	92	48
71	42	12	92	92
53	5	91	77	62
57	97	93	14	72
81	23	32	62	47
43	53	70	9	74
16	90	6	93	49
21	45	60	56	56
67	52	93	77	77
42	30	89	11	11
2	81	44	46	46
16	81	41	5	5
48	87	28	11	11
48	86	46	79	79
1	74	12	89	89
68	60	86	56	6
28	23	89	38	37
20	51	7	55	53
71	81	57	16	66
38	25	92	29	95
40	60	14	39	72
49	43	68	5	5
69	65	46	8	82
43	12	40	39	31
99	62	45	63	63
21	33	97	56	56
84	37	22	53	27
4	75	59	54	90
68	72	96	58	58
14	12	7	2	99
25	54	71	57	57
26	24	16	95	54
31	70	69	75	76
62	51	82	63	6
10	87	55	42	42
9	64	49	56	15
34	84	94	7	99
12	30	32	38	88
42	18	53	40	92
29	65	77	69	69
78	98	74	62	9
2	56	4	11	90
8	15	30	60	60
15	56	59	45	45
10	30	93	86	90
15	29	94	55	55
38	11	58	71	71
94	89	78	30	30
40	23	41	96	96
2	12	36	29	54
9	23	94	32	85
13	66	83	23	23
58	71	88	1	1
97	72	68	90	18
47	7	41	89	89
65	7	3	2	2
59	91	30	71	19
67	40	87	5	77
60	97	53	62	47
3	25	36	37	19
81	52	9	20	5
62	24	44	60	2
48	9	39	73	85
9	20	61	7	17
42	68	22	29	87
62	31	57	60	12
82	7	72	37	69
93	51	88	67	10
52	4	55	76	53
1	15	33	6	6
81	60	63	26	26
82	36	48	54	25
41	99	76	42	53
45	95	43	12	44
47	64	6	36	99
93	91	31	82	9
5	49	63	48	39
49	61	20	73	73
53	92	11	80	80
86	38	30	26	82
84	20	57	41	42
82	90	37	91	84
76	7	32	46	99
78	92	72	4	42
14	9	22	8	58
69	45	79	7	58
49	45	47	5	16
30	71	67	63	9
47	4	29	45	45
28	60	14	25	25
79	71	2	67	24
12	79	43	62	62
52	58	10	43	41
64	74	53	46	46
73	21	60	88	86
39	70	94	4	87
60	15	88	93	93
95	17	19	57	35
75	28	3	70	58
46	2	39	87	16
32	81	99	93	88
40	37	67	27	27
80	62	34	21	58
68	3	22	19	45
14	74	68	76	95
87	19	82	69	69
48	31	14	93	45
74	64	24	81	72
61	66	50	4	29
4	65	73	29	60
47	58	5	79	79
53	96	8	54	54
98	33	16	26	26
3	38	51	31	39
73	86	41	32	32
13	69	53	90	93
13	38	16	12	12
89	2	72	48	48
68	65	71	33	12
46	50	15	40	53
52	72	41	25	25
1	40	34	93	93
6	18	24	47	47
6	58	65	61	23
18	59	62	41	63
66	84	98	92	23
62	3	71	55	91
35	74	11	50	81
71	36	61	75	29
16	64	51	74	74
84	95	43	9	77
90	22	27	1	1
53	91	5	98	62
59	43	47	52	12
32	51	52	43	11
65	4	19	21	21
87	6	45	93	66
20	29	71	16	16
34	28	32	59	59
75	14	77	65	13
3	70	89	1	78
13	64	76	48	81
77	82	66	86	85
70	98	93	80	59
68	30	12	52	11
4	49	53	33	32
15	97	98	34	34
30	20	19	18	18
89	25	55	80	80
81	76	3	51	41
95	6	83	43	76
50	94	93	6	6
50	68	72	34	25
31	93	39	2	73
49	77	27	42	82
60	10	30	58	64
42	63	50	2	38
46	54	66	73	88
24	68	80	26	13
3	52	53	41	19
27	62	69	80	80
5	28	54	46	59
10	38	94	97	31
95	96	74	28	79
99	48	29	14	14
22	16	70	59	59
38	74	7	65	69
19	28	31	98	98
65	66	46	27	50
1	89	27	38	66
41	30	1	70	70
46	14	3	48	48
49	33	60	79	79
86	33	90	61	42
8	15	6	44	44
40	20	39	1	1
80	86	77	73	29
23	14	46	51	57
31	76	98	9	9
68	86	5	53	89
42	60	46	56	82
32	9	21	73	97
52	4	19	55	47
37	38	6	20	20
69	68	59	34	64
14	15	68	57	40
18	79	71	51	72
38	84	74	75	75
48	18	8	98	77
27	26	11	97	51
85	17	97	96	32
67	99	80	16	13
3	85	9	84	17
80	64	68	77	77
73	91	68	83	83
64	62	80	60	13
27	59	55	94	96
32	2	42	36	50
40	38	27	96	96
27	72	78	80	88
77	72	73	6	21
82	45	7	89	65
46	73	83	59	59
53	49	56	40	15
97	14	42	95	95
44	84	64	9	78
79	98	67	7	7
75	1	2	77	60
50	49	43	69	2
90	71	54	23	9
38	20	69	26	26
84	44	6	31	94
4	50	55	51	17
22	2	26	77	38
86	10	1	90	90
16	86	64	59	81
78	61	29	35	48
74	39	44	57	87
79	70	18	78	4
83	75	3	57	40
88	66	7	4	36
43	59	75	74	13
12	33	56	82	50
34	16	24	14	92
98	31	87	18	18
39	94	73	20	20
63	67	2	45	30
69	76	48	70	74
57	2	97	47	47
63	23	67	9	66
69	64	95	78	15
40	39	9	35	48
56	53	19	62	30
33	2	96	43	45
19	51	1	63	58
82	35	12	48	79
64	70	86	6	50
12	61	63	6	6
74	1	86	59	41
27	19	37	4	36
21	98	64	80	94
73	26	85	63	63
58	46	60	18	1
79	55	6	7	43
82	38	41	64	27
4	76	82	96	88
37	76	51	22	22
68	63	2	20	57
50	44	85	90	90
73	57	36	56	56
39	47	44	75	75
40	43	2	61	70
30	79	98	4	95
74	78	30	66	53
24	38	17	3	3
9	49	68	55	77
96	65	13	83	83
1	98	48	42	9
70	40	91	23	67
69	51	94	98	98
43	40	79	78	24
43	29	81	92	92
46	98	49	17	17
19	93	65	15	15
91	33	65	3	83
70	95	29	39	20
8	68	73	96	45
34	88	54	79	83
76	78	31	65	77
33	14	41	17	17
3	61	77	78	78
32	1	44	47	18
23	92	21	95	68
44	31	6	40	40
78	75	14	40	40
44	69	14	73	79
54	11	71	93	98
39	76	53	34	34
41	42	69	1	75
53	66	90	79	77
35	9	87	94	57
25	84	4	95	67
65	18	81	43	43
39	1	88	63	75
40	8	94	19	19
4	1	99	75	13
73	74	36	47	78
85	73	78	75	75
71	34	59	69	19
30	98	58	29	29
15	96	83	47	98
86	99	20	85	67
49	11	8	27	27
53	72	41	58	4
66	25	5	26	26
49	46	95	30	30
16	93	60	85	73
71	49	51	64	64
70	16	12	37	65
40	59	47	51	51
23	59	1	76	78
78	95	62	64	7
96	47	89	50	72
31	36	24	38	25
2	34	17	32	32
62	48	3	67	73
41	51	27	18	18
82	37	9	67	67
3	28	63	71	62
54	92	17	69	52
33	43	31	32	5
16	27	91	45	69
71	13	75	70	95
46	39	18	72	72
73	8	71	76	24
72	15	61	41	41
59	5	55	72	88
72	99	8	67	75
51	57	36	10	10
42	21	29	17	12
91	88	4	13	92
78	57	7	66	47
45	48	40	14	39
86	4	85	28	67
48	77	40	20	20
4	39	32	51	57
96	54	9	93	35
32	93	14	92	92
91	79	25	77	76
4	50	94	92	24
38	2	46	68	31
35	2	93	50	91
16	22	20	12	12
54	16	42	51	47
90	91	77	98	31
41	7	96	10	67
4	44	87	31	31
53	14	20	79	57
88	86	59	11	53
15	16	66	33	59
90	96	79	16	55
79	88	12	78	60
94	90	60	24	9
78	54	46	16	16
86	82	30	90	9
37	33	9	66	66
37	79	68	5	63
5	81	96	53	68
40	68	94	46	41
2	15	42	34	34
50	68	44	82	82
46	93	75	10	97
25	3	57	71	71
47	50	43	18	52
51	10	19	71	71
86	67	92	99	94
29	70	95	16	16
43	34	10	84	84
93	5	54	76	77
70	93	97	23	68
50	99	88	90	14
66	71	42	59	59
17	47	49	44	41
66	75	67	28	73
33	48	6	53	5
1	80	66	63	24
63	2	20	9	13
36	33	2	40	15
92	3	86	88	16
6	48	33	31	44
68	24	83	52	52
18	61	57	13	13
83	5	12	25	25
16	52	20	72	72
6	26	25	30	30
15	63	11	42	42
54	62	68	41	41
96	24	58	49	49
48	41	5	19	19
28	95	56	4	4
88	89	92	15	37
1	93	85	36	67
80	94	14	23	23
89	23	68	55	75
66	10	99	65	87
43	11	77	76	57
88	46	91	49	49
2	52	96	85	69
50	72	91	64	2
74	96	5	52	52
48	59	77	70	3
82	67	5	80	27
80	69	43	60	60
89	98	74	49	8
77	80	9	66	35
92	62	9	60	60
88	71	84	85	32
32	23	93	45	55
93	5	81	31	84
51	76	64	77	84
11	85	66	77	77
72	16	83	60	66
20	37	82	97	17
81	10	6	26	26
12	77	32	27	27
63	52	10	32	32
88	61	21	34	34
2	13	98	72	72
21	91	83	73	73
96	92	40	97	86
59	2	50	31	16
90	83	24	87	58
53	52	4	34	28
88	86	13	44	96
91	49	20	65	65
58	46	2	48	48
67	57	15	34	44
71	26	89	2	2
78	19	22	10	11
93	48	25	4	4
46	99	32	7	7
95	79	52	10	21
78	48	46	81	5
48	49	47	29	13
65	39	69	37	37
33	55	87	17	17
54	57	65	34	34
61	36	38	31	31
47	17	24	85	11
52	3	93	40	40
45	44	33	43	15
87	71	64	59	20
51	16	5	61	61
18	69	73	90	13
46	2	29	79	38
87	45	48	2	88
79	85	60	37	31
61	35	42	49	2
63	1	11	18	18
88	14	56	83	65
72	91	23	7	7
92	38	34	95	95
72	5	76	27	63
56	63	2	19	22
99	54	67	11	25
79	62	14	59	86
96	18	45	65	61
93	95	90	27	61
51	15	83	64	84
69	25	79	96	97
76	24	46	80	80
2	53	83	46	71
58	76	56	68	79
53	93	1	57	19
21	18	43	16	82
43	70	12	56	65
97	69	42	43	10
91	79	15	39	75
22	50	51	9	79
60	43	16	20	20
19	77	26	21	6
84	39	3	55	28
89	20	38	1	1
51	79	12	55	76
35	53	73	8	68
95	1	83	99	22
61	75	55	6	46
39	94	5	64	29
72	43	95	60	60
18	84	87	56	70
29	53	82	42	42
40	81	28	97	97
68	87	75	8	42
1	88	92	51	47
64	70	74	87	17
46	30	38	47	47
75	58	84	33	29
68	13	60	40	62
1	28	34	87	52
52	35	34	43	43
6	53	66	73	39
90	73	39	97	82
24	54	31	99	99
10	55	4	82	97
69	51	19	73	14
59	97	44	30	30
5	9	41	73	73
67	49	70	11	46
40	75	44	46	46
80	69	37	56	1
58	22	70	60	72
2	61	30	59	73
63	2	52	37	41
3	86	40	4	55
74	83	27	43	43
46	52	90	2	92
80	9	40	53	53
39	40	53	26	26
45	14	89	97	73
83	5	72	16	16
89	29	80	88	59
95	17	58	75	91
55	58	5	77	75
55	66	90	54	27
86	2	92	90	12
40	76	91	12	90
47	15	86	87	71
20	19	17	79	79
73	4	57	49	49
72	76	22	85	66
68	79	97	19	19
46	51	58	99	1
63	99	34	26	76
86	46	82	5	2
59	1	46	91	21
52	13	8	67	67
66	8	82	60	54
87	39	57	42	59
5	85	72	42	66
69	87	68	16	96
18	85	88	50	77
79	47	81	1	84
69	42	16	50	50
21	92	75	99	99
96	46	19	90	94
25	50	74	77	67
32	53	35	4	14
39	79	18	22	25
81	6	52	60	90
27	1	95	76	76
91	19	57	37	37
25	4	17	53	53
69	72	22	59	59
18	78	63	47	47
75	66	54	70	14
86	19	73	61	91
75	53	92	80	43
81	19	62	63	84
32	58	62	96	74
20	79	67	54	80
66	47	36	24	65
48	86	35	51	51
52	28	21	9	43
97	73	11	48	98
41	40	65	82	82
9	18	26	39	39
43	40	47	17	3
77	97	37	90	5
61	23	58	50	60
16	78	67	62	91
64	47	61	66	20
27	91	74	83	83
30	45	13	75	75
46	31	37	81	81
34	60	52	11	11
97	58	64	74	89
65	85	69	21	58
97	32	92	33	16
82	38	62	63	76
43	38	81	88	88
13	64	79	94	17
52	98	94	2	54
72	84	40	7	70
48	81	27	40	77
68	52	62	22	23
30	8	3	34	34
66	17	6	55	55
81	35	74	21	32
68	11	96	15	15
76	20	25	50	3
99	23	75	68	62
39	23	28	51	51
97	57	14	78	87
16	17	87	93	93
41	11	66	55	70
15	90	65	67	31
59	18	90	87	70
80	11	93	54	54
3	43	6	21	21
35	64	39	23	81
73	61	32	74	74
78	84	58	25	85
80	32	95	85	8
25	66	43	69	69
38	5	79	80	53
98	96	76	19	16
28	25	74	40	40
28	43	62	16	80
79	57	10	6	6
35	80	1	11	11
94	86	25	87	5
39	2	18	28	36
29	5	20	50	99
9	22	11	30	50
92	87	10	64	64
53	44	74	71	10
91	95	8	69	46
63	86	81	58	15
56	7	78	97	97
17	18	78	67	67
26	41	75	40	40
53	69	81	31	29
29	70	46	77	77
69	98	18	48	73
87	92	46	54	54
63	36	5	58	42
51	53	49	18	6
54	63	11	23	23
70	37	11	68	46
97	67	41	96	5
58	11	61	17	17
65	66	5	73	97
1	85	98	37	37
27	76	79	39	37
29	69	88	62	13
5	92	38	19	83
29	13	56	10	10
61	41	70	18	50
93	52	54	6	92
93	77	13	76	12
74	58	91	84	17
85	30	95	72	68
53	44	86	82	82
82	90	11	97	97
71	59	88	68	11
47	91	67	20	49
39	38	84	81	81
80	56	57	55	4
34	49	97	13	76
80	94	1	17	32
49	50	3	13	53
23	79	35	37	37
16	59	84	91	71
39	93	26	5	5
18	23	32	9	9
78	81	56	37	37
71	79	2	5	39
10	60	46	58	36
46	60	62	5	5
84	50	81	62	26
2	29	11	34	56
63	37	7	74	62
1	99	88	77	35
4	92	80	17	34
1	23	55	53	36
15	49	74	12	12
16	71	68	18	18
81	10	85	75	34
74	41	51	58	82
7	1	58	19	19
37	27	26	20	42
66	22	96	56	56
16	88	99	92	92
87	1	57	91	97
73	3	50	2	2
26	54	3	73	19
3	88	76	99	40
82	88	29	90	90
67	19	49	68	73
59	45	62	69	14
57	50	80	25	25
43	6	71	10	55
13	91	88	95	1
41	54	32	35	35
91	99	65	64	11
34	86	82	94	97
53	23	45	11	11
52	6	74	89	64
30	99	81	16	16
4	41	67	76	52
87	83	2	57	9
55	62	32	43	43
29	75	21	54	12
69	29	74	75	80
75	58	45	96	11
49	57	20	53	4
34	18	77	98	99
96	53	38	39	39
17	47	13	45	4
88	32	78	77	85
76	15	72	96	3
3	43	13	45	40
96	60	84	42	42
31	98	53	36	36
72	23	8	73	76
94	96	78	12	9
45	62	40	83	27
41	93	28	20	20
39	33	50	9	46
32	57	78	17	48
25	27	50	57	57
75	73	67	36	36
37	33	35	95	95
67	59	68	78	78
84	4	83	19	89
64	53	7	26	63
52	86	2	91	48
87	85	19	75	75
56	61	40	15	15
79	59	57	55	42
15	45	42	37	88
88	87	97	77	24
15	37	38	41	68
65	59	14	66	5
9	27	64	70	67
11	41	49	44	35
75	31	94	85	96
34	33	25	45	1
56	55	95	69	70
10	52	41	5	43
51	27	71	55	4
74	28	63	49	82
61	12	39	26	26
64	74	61	18	18
47	28	41	16	16
69	46	44	24	24
18	83	74	91	61
21	85	61	98	92
64	34	94	48	52
19	82	40	59	58
16	86	49	45	45
31	11	32	85	85
86	80	8	43	65
5	17	97	78	62
72	26	73	74	55
54	51	34	8	39
17	49	76	99	99
44	77	12	52	27
75	71	34	14	14
49	52	5	7	7
67	20	78	2	73
54	24	59	42	1
11	16	78	65	42
82	38	96	94	11
7	21	16	93	77
51	10	80	40	40
22	53	2	67	63
87	52	41	60	50
35	3	27	49	42
6	50	56	18	93
70	44	87	36	17
59	8	27	62	33
96	17	85	29	29
46	9	54	22	22
4	99	65	57	57
66	48	11	88	84
87	72	25	77	93
45	61	86	16	16
66	60	90	69	5
93	47	81	96	46
14	85	81	86	4
47	87	92	20	90
94	46	92	5	60
2	77	53	83	40
45	5	27	16	20
48	73	67	10	51
51	44	59	8	39
76	61	69	56	17
98	84	26	87	77
59	38	78	86	96
68	5	40	74	50
83	42	69	61	97
90	28	83	80	80
29	97	19	84	7
10	84	78	63	63
5	59	35	49	44
98	32	97	13	93
23	62	83	36	36
81	79	17	14	14
63	50	88	28	28
25	55	13	52	71
18	45	55	34	77
53	94	92	28	4
57	77	82	40	10
25	84	72	31	5
37	64	69	52	52
38	9	96	19	19
52	83	97	2	2
75	43	1	52	57
35	75	93	60	60
50	66	34	39	39
93	92	84	9	60
4	42	48	40	79
15	79	75	46	3
55	20	75	17	70
7	43	41	79	67
76	58	18	30	30
7	93	49	63	88
53	91	8	57	88
67	16	68	39	62
41	32	96	31	49
51	67	45	63	63
56	94	76	87	42
80	14	31	40	40
29	98	86	78	78
25	96	72	71	81
36	53	43	67	2
42	55	32	64	64
33	24	21	4	35
63	99	42	76	76
29	58	3	69	6
60	4	63	67	19
28	5	76	67	53
10	88	94	68	20
46	1	27	65	59
68	2	39	67	85
5	90	88	61	61
83	87	17	61	64
5	79	41	65	62
43	84	87	35	51
63	92	10	32	32
62	4	43	44	45
94	8	41	24	96
77	25	72	78	9
90	41	86	78	78
94	75	42	64	64
68	61	90	83	83
29	55	53	31	87
61	48	29	52	52
69	12	18	29	29
86	42	49	83	37
13	67	63	74	44
62	81	13	71	55
57	91	4	32	48
24	8	61	63	63
21	46	55	92	90
69	13	44	81	75
61	3	94	91	42
93	43	68	85	5
57	70	87	15	92
12	82	89	56	64
9	71	58	96	81
23	45	74	89	89
27	94	25	26	61
81	51	72	79	20
67	70	18	45	64
4	7	43	19	87
66	28	63	65	60
34	80	17	69	3
79	28	20	60	80
97	15	52	85	87
90	46	59	49	49
71	4	93	57	23
31	27	30	66	66
8	78	49	24	56
30	91	10	94	20
58	19	67	90	90
63	55	90	53	53
2	34	6	4	4
83	24	94	72	72
63	84	92	91	27
80	41	63	18	24
32	42	11	35	39
93	48	98	97	94
51	62	52	61	43
48	36	60	51	40
12	19	77	74	74
4	97	82	74	46
62	73	11	79	45
91	60	4	34	74
44	22	48	51	6
86	70	84	90	30
92	88	11	63	55
15	70	96	73	52
66	41	90	6	85
53	38	50	79	79
15	30	38	78	78
96	59	75	72	7
80	86	95	19	19
1	10	37	67	11
63	85	26	94	68
90	96	71	77	26
50	28	58	65	98
12	25	95	80	52
38	43	97	69	90
84	21	13	18	18
14	98	91	99	17
85	43	74	15	57
17	5	32	51	16
85	27	45	84	7
6	33	72	60	55
52	15	79	64	69
54	80	92	8	8
4	44	21	55	26
88	78	89	6	32
69	97	57	8	59
68	71	1	60	16
71	15	87	45	57
43	47	6	23	23
80	34	85	76	76
76	38	52	1	64
64	46	44	42	73
53	18	17	76	76
45	83	49	92	92
31	45	44	30	77
74	82	24	72	3
59	91	70	89	18
16	79	12	70	70
58	39	3	43	40
34	14	47	61	73
90	1	51	42	42
51	24	47	22	43
78	28	72	91	60
36	3	44	66	73
59	39	21	11	26
77	24	90	47	47
74	42	21	65	19
96	51	21	89	94
15	36	48	77	23
91	85	52	16	77
72	12	70	75	75
70	92	95	22	41
44	41	3	35	57
76	62	67	7	7
12	60	14	89	89
62	79	18	92	47
34	84	85	42	42
60	62	48	31	31
51	62	44	31	11
70	4	71	59	44
51	71	49	29	29
3	46	37	70	63
63	88	11	57	93
8	41	45	16	16
97	82	43	71	1
2	25	54	28	8
38	7	88	4	4
2	75	39	63	52
76	91	52	92	92
19	71	74	75	91
11	70	4	66	56
52	94	58	88	5
48	89	7	67	67
87	41	93	88	2
40	65	75	49	2
89	66	38	5	55
92	4	68	73	51
62	68	75	8	36
97	66	16	73	87
76	28	55	86	86
18	57	61	62	6
5	42	67	83	91
58	49	77	4	88
1	94	32	39	39
55	85	58	79	79
13	64	32	80	9
86	41	38	8	82
15	69	58	85	91
80	34	85	82	76
45	14	67	70	77
15	75	72	97	97
27	14	3	98	98
80	46	76	3	44
57	56	68	15	15
57	69	42	8	55
35	22	34	19	51
18	89	86	51	76
83	99	97	24	66
80	75	97	78	78
54	74	84	60	60
54	73	84	16	79
97	41	61	7	22
41	83	73	61	38
28	55	71	24	24
50	68	7	60	41
69	22	65	83	83
10	71	99	96	96
84	63	56	27	27
38	42	39	33	51
88	39	83	13	80
50	79	91	94	8
26	87	85	80	81
42	57	85	30	25
94	27	9	93	86
99	46	52	26	47
42	79	90	84	84
62	57	73	22	74
76	14	49	57	57
67	63	17	60	3
42	68	46	43	30
44	87	98	7	79
11	4	22	6	6
21	76	10	46	46
73	33	62	99	99
88	19	86	52	52
78	1	50	66	66
67	34	2	45	59
95	1	96	39	60
43	8	20	75	75
64	62	42	97	97
69	9	80	84	37
94	18	87	53	99
79	77	6	93	42
1	84	89	23	71
71	3	43	37	37
71	19	48	65	67
67	49	93	84	7
74	10	82	8	90
38	61	13	28	28
4	57	61	46	27
75	93	14	82	57
64	71	9	66	66
43	32	15	64	70
38	76	36	15	15
70	69	65	26	58
92	89	22	96	4
39	10	57	78	62
27	73	92	94	77
70	5	89	26	26
16	42	18	31	74
33	30	35	63	13
85	92	96	59	59
1	69	60	88	49
79	88	4	77	45
82	63	94	20	83
7	87	19	9	9
66	84	52	97	4
5	89	92	42	42
41	54	15	63	53
48	98	40	47	32
81	17	62	97	97
57	39	94	16	16
18	65	12	32	38
71	64	24	77	77
41	17	77	79	74
18	24	40	21	21
90	8	93	21	94
59	1	92	66	61
26	77	22	31	31
53	89	50	47	33
59	89	6	71	45
13	3	56	38	67
31	69	46	73	73
73	35	57	97	97
23	59	75	66	71
40	64	71	48	5
66	41	58	48	56
45	3	61	80	60
23	58	72	65	1
89	23	67	64	64
73	90	17	78	63
85	98	90	35	7
89	84	94	21	57
41	80	83	55	5
78	49	16	38	76
47	97	18	35	78
23	36	79	30	30
86	92	42	84	14
16	15	19	42	42
50	30	70	78	65
66	63	53	7	7
50	32	9	62	60
86	96	24	60	97
40	92	93	6	58
56	44	41	7	7
8	89	21	11	69
71	57	41	17	17
49	53	32	64	3
12	95	36	91	99
82	96	55	20	14
42	62	50	26	26
50	38	29	36	36
93	99	48	63	40
79	19	51	96	96
80	14	97	49	93
92	73	22	33	16
83	95	86	71	71
9	85	81	62	62
80	65	95	89	22
23	74	70	77	99
3	29	37	16	35
27	99	94	3	83
1	49	56	39	71
54	11	80	72	56
71	85	15	57	72
25	4	11	34	86
33	81	86	74	74
55	12	83	5	5
40	27	63	28	28
71	86	61	78	78
50	77	69	89	36
45	40	75	28	94
48	53	51	73	72
84	68	15	10	33
44	83	49	85	98
84	3	82	99	38
19	18	26	23	4
58	50	85	68	3
10	53	68	6	17
7	24	15	17	17
20	50	33	69	13
12	49	6	67	67
3	14	50	79	79
66	88	84	79	79
30	76	87	97	91
1	46	67	35	55
64	30	55	27	43
67	78	14	49	26
64	93	44	52	52
53	58	2	76	45
64	14	89	67	96
64	96	11	32	70
53	48	80	91	91
18	91	51	27	27
36	79	5	75	90
66	78	56	88	12
84	62	56	21	9
59	67	58	73	19
3	26	64	33	33
40	56	48	97	37
87	2	41	52	88
56	86	45	85	7
76	18	26	98	98
83	42	12	71	86
62	28	56	7	54
31	84	18	16	49
33	51	27	65	65
32	17	2	29	29
73	46	83	43	54
34	73	87	63	19
6	11	91	62	62
33	7	62	80	79
78	25	8	62	62
34	58	67	17	2
9	62	57	39	70
95	89	40	9	92
73	75	33	76	79
72	83	81	86	32
71	33	72	2	86
58	32	92	86	48
56	22	48	55	55
28	31	16	42	19
90	67	47	68	1
86	87	80	30	11
72	45	11	12	12
10	78	68	85	44
50	92	72	62	34
84	62	9	63	61
64	53	94	9	9
2	44	28	26	26
52	20	78	94	91
72	93	19	67	97
29	33	76	92	15
85	71	16	28	28
53	72	21	73	63
69	74	97	15	81
1	82	71	45	50
80	45	32	96	96
52	55	63	33	7
8	60	83	67	97
74	25	7	67	76
82	3	18	71	81
83	9	59	48	77
79	78	96	68	68
39	74	57	58	73
7	82	80	91	91
99	2	12	33	95
23	97	62	85	99
53	68	23	18	79
94	43	44	37	57
63	59	67	22	56
48	21	16	81	47
58	44	80	91	91
92	89	84	33	33
82	80	28	65	75
98	40	56	78	25
42	70	52	50	2
52	9	83	76	50
62	90	75	1	45
38	47	78	4	97
39	92	57	27	77
2	74	48	88	24
37	3	24	36	1
41	84	92	35	35
52	30	89	9	16
32	31	21	41	41
73	45	74	80	80
13	73	86	42	83
3	51	82	39	83
70	74	48	36	37
73	49	62	4	88
97	49	39	51	92
23	8	40	48	17
10	45	36	6	6
61	93	70	62	66
47	63	12	58	85
70	66	63	11	11
77	34	50	33	33
86	12	59	9	9
35	58	40	6	53
54	67	12	43	70
39	46	44	70	32
86	91	58	30	25
87	65	83	80	27
62	59	69	96	96
44	58	35	67	89
65	10	92	26	26
93	85	5	44	67
85	1	81	83	8
72	76	21	80	54
16	89	49	94	82
81	25	76	86	65
78	41	62	8	69
87	97	32	20	3
61	57	38	72	6
96	35	57	16	16
81	34	69	77	9
41	21	32	58	91
73	33	67	11	68
10	15	71	46	46
39	90	60	50	50
20	16	73	92	94
76	80	27	85	68
60	5	63	71	92
52	30	4	40	42
45	4	31	61	54
3	38	66	65	35
37	48	25	75	4
37	5	18	80	80
40	19	37	3	3
54	78	73	96	96
54	62	33	85	22
10	77	36	87	90
45	46	94	20	81
64	88	95	55	72
84	31	83	77	70
36	44	53	66	66
6	4	83	85	88
62	29	24	53	53
78	64	63	51	11
58	40	86	13	13
29	55	61	54	54
74	70	6	32	82
68	32	83	17	17
92	16	76	18	10
64	90	48	73	34
16	68	46	10	10
67	85	74	22	73
52	1	43	51	12
57	88	67	19	19
88	95	23	96	55
49	13	78	75	88
18	92	13	16	16
12	67	47	55	56
7	49	74	93	77
14	43	1	47	51
98	30	45	61	61
47	89	68	29	29
53	9	67	34	68
87	97	99	68	68
38	39	15	4	33
77	9	51	39	28
61	57	53	47	47
38	79	95	10	76
84	26	85	53	53
38	13	65	89	30
75	6	86	76	33
70	40	59	97	6
2	69	97	26	26
94	47	7	91	64
53	47	24	61	4
66	81	53	5	95
77	68	57	2	33
74	98	85	4	45
56	40	46	60	11
39	29	70	83	26
65	26	21	45	45
87	68	67	72	72
78	95	40	31	31
52	69	17	79	71
87	77	60	59	96
83	55	84	85	95
65	32	84	16	16
73	44	62	11	2
53	13	80	55	81
70	10	49	11	11
81	95	80	65	65
2	48	41	70	70
28	71	4	43	32
53	47	62	96	96
91	95	13	38	99
55	21	26	98	98
14	40	57	82	82
43	45	21	58	58
6	8	23	90	90
83	20	61	90	14
57	92	99	91	21
92	66	57	6	73
63	20	82	64	77
42	57	47	98	98
52	99	20	16	4
17	31	64	45	47
76	55	46	25	25
81	93	10	37	88
80	46	84	7	56
52	89	79	64	75
58	36	67	18	18
92	42	6	33	33
3	23	68	31	28
19	31	27	80	39
63	31	18	95	12
78	20	58	29	57
70	93	96	38	38
34	57	79	2	71
63	65	14	66	53
63	80	47	49	61
61	75	82	6	40
36	92	79	69	10
23	24	51	17	17
92	47	59	95	95
89	9	31	29	29
89	60	42	6	88
52	67	76	89	89
68	66	13	60	84
45	85	58	83	8
40	59	53	67	9
41	8	13	78	78
26	19	57	30	30
49	3	48	42	14
86	88	85	87	41
20	77	82	18	99
68	16	73	59	74
90	4	34	32	32
6	62	77	41	41
88	52	5	65	65
1	81	76	3	38
76	3	9	90	90
84	68	19	62	62
50	10	98	1	1
69	14	88	94	59
85	90	88	14	70
1	25	39	20	82
73	85	39	74	74
83	49	70	30	30
88	4	72	57	57
22	45	95	30	43
95	37	50	76	76
53	91	69	42	42
2	88	45	25	25
10	66	89	76	30
73	86	1	57	44
97	70	16	11	11
27	31	19	55	55
14	2	3	33	33
44	3	62	32	54
18	22	30	58	50
17	30	84	85	85
73	85	38	41	12
63	81	25	80	3
56	24	85	87	81
82	51	26	15	74
31	43	8	93	24
61	18	55	32	3
59	70	61	77	18
81	87	38	90	88
59	68	24	38	34
85	67	70	90	90
70	42	52	14	14
35	19	66	89	98
55	91	13	43	43
19	36	45	15	15
35	41	39	18	23
99	63	60	79	2
69	89	95	53	53
14	2	59	78	78
95	5	13	44	44
95	82	67	79	2
50	31	28	22	22
64	50	78	24	9
92	7	46	80	80
66	61	59	75	18
3	84	78	57	39
91	34	39	65	65
2	24	9	21	65
13	82	42	77	71
3	21	32	34	12
66	46	68	3	90
63	69	16	43	37
91	85	43	68	97
3	76	91	79	33
6	43	26	38	34
9	34	21	94	94
44	79	7	95	81
60	65	27	87	87
30	7	84	25	59
85	50	32	46	68
94	24	99	71	81
56	33	20	99	24
79	96	7	46	95
84	4	51	67	58
89	3	24	19	19
93	61	14	43	43
8	60	22	92	92
97	80	65	84	14
61	47	83	60	1
14	8	51	96	73
37	61	44	56	36
65	7	85	69	50
67	3	46	59	35
26	64	10	60	65
31	3	19	72	24
64	38	66	49	82
66	85	18	97	76
2	14	81	74	74
73	94	77	42	48
68	70	90	56	7
9	13	60	92	94
50	37	4	30	30
94	98	89	35	83
22	3	83	25	25
35	59	66	44	3
79	83	44	61	9
97	74	33	93	99
17	63	66	56	2
2	23	86	87	10
13	74	88	70	58
99	40	17	43	22
76	57	73	24	1
61	98	83	72	72
74	9	43	50	6
78	34	3	86	66
64	13	34	74	33
75	51	62	89	47
6	75	51	98	82
80	88	33	73	5
3	73	90	5	56
66	93	92	20	20
35	52	57	87	24
25	90	43	81	24
75	33	48	8	79
45	34	11	80	80
10	69	2	1	1
12	38	49	58	58
79	62	2	96	96
92	75	38	39	39
86	22	37	94	94
71	91	53	26	26
28	39	53	45	76
72	51	35	68	5
73	59	6	54	54
62	93	83	14	14
79	81	67	21	58
5	54	2	68	68
33	49	75	81	40
4	82	80	26	26
79	49	35	11	16
97	74	92	7	7
1	55	74	69	69
46	99	67	2	89
28	79	48	73	73
19	46	72	52	52
8	91	86	84	28
91	2	48	55	83
60	61	21	48	48
87	98	22	21	58
61	82	31	8	8
58	78	91	56	41
98	42	50	95	95
37	29	44	45	45
29	98	42	30	71
47	73	3	25	37
96	36	69	8	8
7	71	88	45	74
85	6	15	26	11
1	53	34	72	59
56	51	81	83	83
84	30	27	31	31
74	13	67	60	70
77	47	2	35	76
83	15	29	19	19
65	88	59	40	40
51	25	17	38	38
50	78	70	62	13
78	64	3	87	87
62	56	70	46	12
2	64	98	63	73
30	4	12	24	24
67	33	62	42	42
80	31	69	77	76
77	68	60	1	28
61	1	65	67	10
59	72	76	9	39
13	46	88	67	67
9	63	86	8	8
55	58	41	59	59
95	14	27	99	11
85	99	1	84	64
40	73	51	76	6
8	70	34	29	37
51	50	55	38	90
61	64	86	65	52
79	37	54	2	71
49	64	11	19	88
62	92	31	23	23
95	70	27	89	25
80	87	71	31	31
3	42	86	63	73
41	67	20	59	74
93	59	3	76	57
76	23	15	26	26
75	8	97	55	80
9	74	66	30	76
22	71	7	14	53
10	61	94	2	18
89	43	23	68	51
84	35	40	44	14
92	14	97	78	52
27	28	53	77	58
3	59	81	55	55
65	8	74	89	55
60	52	80	47	47
59	46	33	7	62
44	97	88	83	83
71	63	99	1	76
70	12	54	96	92
13	26	76	51	51
66	85	50	29	24
86	5	51	77	54
55	70	63	24	1
81	70	28	19	39
18	17	40	12	57
39	4	48	58	37
46	53	39	59	1
34	51	63	53	20
30	74	32	87	87
81	16	80	39	75
18	55	61	68	68
14	17	84	36	36
67	74	26	32	23
68	3	56	14	89
27	40	84	66	66
99	90	73	28	28
61	82	74	81	26
30	8	70	63	63
18	50	57	65	68
54	95	32	26	26
57	77	79	84	92
48	81	10	73	91
81	4	19	12	7
50	9	5	62	60
5	66	44	95	90
54	82	32	49	49
60	9	83	62	82
41	37	4	30	23
13	26	81	93	93
73	42	55	5	5
49	54	4	89	92
40	30	2	62	90
19	39	68	15	29
28	15	35	33	3
42	25	50	64	8
46	30	35	53	88
76	91	37	19	3
77	3	79	80	10
19	94	73	81	72
86	6	30	77	77
17	62	56	48	64
61	75	93	9	68
89	34	88	23	23
9	67	16	97	97
66	58	64	78	78
3	34	53	29	49
74	88	25	68	32
18	60	68	48	70
23	41	37	46	46
50	6	78	48	70
97	66	22	40	40
47	70	5	24	24
86	89	36	79	85
85	24	99	96	96
59	74	16	5	82
12	19	21	48	48
29	33	25	24	39
60	45	6	16	93
98	61	66	23	23
1	61	71	25	25
94	56	80	15	82
85	5	34	80	66
87	2	40	55	83
82	91	3	75	10
2	16	84	92	88
5	56	76	35	28
76	87	35	39	81
68	11	23	7	8
69	73	3	75	14
12	44	61	54	48
88	94	73	92	92
52	94	54	3	97
73	7	92	58	67
43	19	1	44	28
86	50	83	22	8
37	56	3	30	8
61	42	47	6	6
9	99	72	67	77
57	68	58	9	96
72	30	39	86	86
75	96	90	63	63
72	62	57	5	35
61	99	29	51	51
81	29	58	85	14
71	2	66	47	33
20	15	44	23	23
32	77	89	8	91
89	51	26	80	80
79	2	38	93	93
22	79	99	80	83
14	34	28	47	47
36	54	4	70	58
57	52	50	7	26
28	83	85	91	7
33	90	47	83	83
61	85	56	57	2
18	66	69	43	65
36	3	84	77	77
99	58	86	89	67
87	32	79	97	92
90	27	57	92	92
48	46	8	3	67
52	71	12	77	55
40	13	24	99	44
71	69	59	42	14
13	88	22	19	35
26	76	28	32	32
7	47	25	61	44
50	9	46	16	99
28	91	55	2	2
16	20	84	88	90
74	49	11	59	62
69	31	60	81	81
9	92	68	88	46
42	37	57	41	3
53	90	71	96	11
40	7	95	50	50
64	43	4	34	59
96	74	8	65	78
24	18	9	78	25
76	39	10	57	27
96	52	83	87	15
72	81	77	88	27
6	52	75	85	74
25	82	41	64	64
45	97	88	2	65
57	80	93	19	96
60	8	47	49	65
49	36	31	53	5
5	97	49	94	61
38	69	32	40	40
66	63	56	40	40
80	12	73	32	79
90	96	34	5	78
93	32	78	97	87
69	52	5	17	98
84	35	34	59	37
39	72	66	94	65
40	16	60	71	11
86	87	66	58	18
14	13	32	31	86
11	75	42	59	71
76	74	65	27	67
31	17	49	48	62
90	67	79	25	84
21	19	29	98	83
93	84	69	58	70
38	72	79	64	8
81	5	28	93	87
40	16	39	31	31
85	83	6	55	44
32	73	93	20	20
78	21	72	63	7
60	3	27	71	81
52	18	79	65	44
45	46	42	11	27
65	17	21	35	50
85	74	55	48	65
83	25	35	50	50
48	38	68	58	58
95	66	13	54	54
9	63	34	59	69
13	53	54	62	43
47	60	58	92	73
69	49	24	76	64
85	76	62	25	82
84	7	11	4	4
8	46	79	40	6
28	4	19	69	69
16	94	24	68	69
25	85	69	67	84
66	19	16	90	90
62	92	76	94	94
65	58	68	21	4
34	16	31	90	90
77	17	97	68	51
24	23	29	16	16
84	67	20	65	88
77	62	63	8	93
90	35	34	96	96
86	33	43	88	63
91	96	92	71	31
39	23	38	43	7
74	47	68	14	82
97	41	98	2	62
80	70	82	38	12
25	86	32	28	28
63	88	65	74	13
9	30	35	41	44
23	3	98	12	12
70	87	29	51	32
2	70	56	66	94
78	98	33	80	80
41	2	15	99	99
36	3	54	64	64
15	95	92	2	99
46	74	61	9	59
88	93	68	25	80
60	75	7	14	86
71	57	53	77	45
24	68	86	62	62
53	21	92	25	71
89	40	88	5	5
9	60	82	6	83
61	50	60	65	18
5	50	38	54	66
59	42	47	21	21
99	92	13	60	42
93	38	63	57	27
89	71	86	31	92
37	72	61	80	80
30	59	57	8	47
46	54	65	49	49
76	63	99	60	97
58	57	19	12	62
53	37	77	74	5
45	67	19	26	44
97	80	7	53	53
68	25	72	60	75
75	43	63	5	54
61	18	2	41	34
88	2	68	84	42
28	64	9	93	23
78	96	53	91	91
75	83	57	8	50
31	69	97	12	33
85	45	52	83	2
96	74	50	76	76
3	50	38	49	52
78	8	82	34	87
64	4	40	88	50
79	67	74	18	92
74	81	76	97	14
2	3	37	72	77
4	89	6	45	45
6	45	33	47	28
28	7	39	99	58
80	97	70	10	64
77	78	66	30	6
63	12	42	69	57
72	98	19	60	10
83	88	68	65	20
61	47	13	67	67
6	52	65	39	39
73	72	28	64	66
27	12	80	66	66
42	91	96	93	78
49	78	22	86	23
42	77	73	10	59
63	72	30	37	32
86	27	60	85	81
67	28	86	25	25
73	80	3	61	32
54	62	16	50	52
86	66	95	85	59
60	59	90	78	62
48	12	10	21	21
99	14	97	61	68
3	57	68	40	45
63	35	64	72	72
36	48	77	87	95
78	44	28	6	56
51	86	8	81	81
58	91	12	44	47
92	97	86	3	3
20	53	70	76	69
44	46	45	25	25
25	53	94	56	56
58	49	13	5	5
40	96	88	79	79
86	71	3	47	99
66	11	28	79	79
22	10	56	99	99
59	26	64	5	53
41	19	66	74	74
47	29	97	22	35
44	92	4	83	83
90	60	13	79	67
51	96	61	35	52
64	92	91	86	86
68	72	8	80	91
98	15	8	33	51
56	17	59	99	28
46	56	7	25	92
41	12	65	79	79
54	25	68	42	42
24	3	99	10	10
35	15	75	5	23
41	57	49	17	17
54	64	96	4	4
17	65	6	37	29
63	67	57	48	48
73	12	98	26	26
45	67	28	49	65
25	23	18	68	68
23	61	65	78	79
9	54	70	49	55
11	84	39	10	25
75	89	30	99	94
74	53	13	65	83
68	94	41	38	38
23	87	82	14	69
92	21	88	79	2
72	90	9	74	52
70	6	93	55	55
7	64	15	10	57
94	57	2	47	88
56	12	81	53	77
78	52	12	19	19
38	65	52	10	60
46	76	68	7	52
94	84	86	56	19
65	66	7	94	71
96	65	82	22	22
94	72	11	88	31
7	16	25	81	81
99	1	84	83	33
51	42	63	11	67
68	48	14	79	70
27	5	97	43	43
77	66	4	40	56
79	99	2	51	72
58	27	84	57	65
82	45	67	5	62
58	14	31	41	41
95	65	6	33	33
11	52	17	63	91
11	72	80	26	26
96	87	3	76	35
17	33	7	12	82
72	7	31	84	27
99	22	75	69	98
35	3	31	18	39
60	51	83	9	88
88	69	90	33	29
38	68	25	2	50
66	87	74	13	60
94	42	66	54	54
77	68	8	71	71
59	24	97	95	88
27	98	82	97	71
45	14	25	75	75
12	97	98	27	99
1	47	82	11	44
71	45	94	36	6
22	76	80	83	54
21	87	54	67	67
46	94	81	92	91
53	73	66	22	71
13	69	90	89	48
47	60	42	37	71
67	5	54	71	31
27	80	74	96	92
93	53	73	84	54
14	47	70	78	67
52	7	45	47	65
30	82	84	20	90
51	5	58	31	44
77	19	75	70	5
82	2	99	90	30
70	46	55	9	57
85	21	73	35	23
53	39	35	17	22
45	12	13	63	78
91	56	87	85	85
87	99	16	95	48
2	30	11	69	43
5	36	31	98	98
97	45	64	32	32
69	49	7	35	68
9	43	65	74	82
53	91	85	52	4
61	53	11	41	50
65	39	30	3	76
17	61	12	47	36
52	73	46	9	66
18	35	86	87	87
78	67	15	56	56
79	62	34	78	24
98	87	97	10	88
24	96	15	68	68
44	76	32	2	2
54	82	55	63	4
52	54	5	24	60
27	22	14	8	75
95	39	1	67	86
72	63	20	92	89
73	47	30	95	95
73	65	69	56	56
79	52	40	80	80
20	31	51	82	6
72	31	21	13	1
96	71	99	17	65
25	86	22	8	6
63	80	7	92	55
83	92	51	81	81
10	54	18	69	63
44	24	22	32	32
62	72	9	64	64
16	26	92	23	86
47	93	25	41	4
5	18	65	99	2
27	29	6	30	1
65	57	9	55	36
79	4	48	55	87
99	4	60	45	36
4	34	28	2	2
20	87	80	90	53
97	51	91	13	13
2	59	56	30	36
44	65	34	24	24
36	67	24	97	97
85	94	31	73	95
30	2	19	85	93
5	42	14	41	39
74	47	29	20	45
88	1	97	36	38
27	72	64	2	57
51	21	36	25	25
92	8	51	7	74
88	59	70	77	15
73	14	28	16	77
89	24	56	91	85
95	72	8	94	31
65	22	35	91	14
17	92	71	90	90
19	45	27	55	55
69	34	94	91	3
57	66	73	93	5
88	56	73	74	37
31	97	95	87	87
34	35	8	37	21
94	87	66	69	17
25	66	82	91	84
41	94	96	63	3
13	71	76	70	1
63	52	79	86	11
69	5	30	42	23
4	69	29	44	44
65	91	5	44	44
14	36	38	39	5
98	2	37	19	45
9	61	80	35	81
20	4	24	14	25
68	16	59	75	85
43	58	7	80	73
48	68	77	12	62
64	70	75	40	12
77	3	88	37	68
59	81	80	15	15
30	42	29	92	92
57	88	72	46	64
18	82	60	29	2
54	41	55	24	24
49	69	23	14	14
10	62	95	66	85
17	96	2	39	39
56	46	66	32	1
74	15	97	80	80
85	37	7	21	69
88	70	18	6	99
26	33	45	14	14
61	45	29	52	2
79	4	11	75	99
71	30	26	39	2
31	42	57	91	26
58	86	5	99	99
60	91	73	20	49
94	86	28	27	27
55	24	48	26	26
79	73	57	87	92
88	75	54	57	5
28	84	39	86	86
79	87	2	50	49
17	2	84	28	54
49	42	41	35	10
65	76	99	62	62
38	73	92	2	8
82	71	20	90	67
27	77	91	71	88
67	62	81	92	13
4	99	91	62	53
58	13	29	1	89
72	10	91	69	65
51	52	67	45	45
5	60	77	62	42
99	32	63	26	50
69	64	20	47	86
48	70	99	93	39
74	68	16	1	90
98	95	53	85	85
50	87	16	7	8
86	25	28	30	32
41	6	11	44	60
13	73	94	55	98
48	40	33	7	37
44	27	78	95	7
40	21	15	34	34
8	45	23	44	48
87	62	55	8	94
99	13	50	41	74
88	72	78	90	29
53	14	29	71	16
90	18	81	83	83
16	1	63	84	84
20	88	19	73	73
94	9	22	15	15
50	42	55	73	73
85	68	67	30	30
12	91	58	92	59
1	47	8	98	76
27	66	63	73	80
92	84	4	67	41
72	69	29	58	58
5	53	80	16	98
63	8	56	57	29
67	54	3	50	36
15	69	77	17	17
34	4	57	46	42
55	51	3	79	58
6	2	10	35	35
62	60	8	3	94
29	9	79	13	13
35	52	94	85	85
82	66	90	14	60
97	64	88	28	28
50	16	99	14	14
57	28	87	94	31
31	50	45	1	62
2	48	68	83	54
34	3	79	61	84
92	86	80	20	1
47	75	81	13	66
86	89	1	97	21
86	61	91	95	24
45	43	79	46	36
91	24	4	15	36
82	67	43	44	44
64	24	31	49	6
49	2	25	41	36
11	75	91	47	47
60	32	83	80	8
70	12	71	58	38
35	57	48	12	90
98	78	77	91	25
28	40	44	34	34
19	68	52	87	24
67	96	66	59	59
55	80	18	83	91
54	25	78	44	44
96	18	37	26	26
60	4	92	65	77
58	80	9	50	76
16	39	97	86	86
53	33	32	31	31
92	48	81	46	43
8	82	74	27	30
13	36	78	7	7
50	95	80	66	3
18	68	7	85	88
62	6	76	42	60
27	57	16	42	42
50	98	43	8	17
3	99	57	80	80
27	92	79	71	94
69	60	71	43	43
5	16	50	53	30
5	98	48	23	79
41	46	69	77	77
85	44	10	67	79
61	25	1	71	58
71	18	93	40	40
98	40	10	75	75
93	45	47	54	46
21	1	93	20	29
42	7	53	77	85
59	33	17	50	50
14	52	7	42	42
91	73	15	43	43
56	9	24	82	82
37	14	89	86	83
9	15	40	45	45
27	72	66	10	71
30	14	21	10	38
48	56	96	39	64
57	56	88	65	82
1	49	84	25	25
98	67	54	99	99
51	66	68	76	39
13	19	7	3	3
63	48	57	90	90
75	68	67	12	12
1	30	36	56	60
78	59	68	56	56
89	63	57	60	96
60	57	41	70	9
13	90	38	87	81
61	25	13	36	36
35	14	3	52	24
38	10	89	78	78
4	5	57	55	60
98	57	61	84	84
18	78	20	97	42
80	91	69	28	89
27	60	71	90	90
63	4	78	53	53
85	78	12	33	86
89	1	33	94	21
11	98	47	9	80
92	22	65	98	83
46	40	93	63	32
68	83	38	87	87
66	77	72	73	30
29	9	28	33	27
86	96	74	22	76
51	8	52	91	96
62	6	74	58	40
59	77	46	4	87
8	46	45	74	73
79	32	15	92	92
79	4	76	38	26
45	9	92	80	77
53	82	62	3	55
29	81	88	86	67
74	43	28	64	83
97	35	66	62	62
54	84	31	96	77
29	96	61	5	5
40	8	62	44	65
59	86	54	5	95
24	3	80	50	21
84	48	83	1	39
62	57	59	74	74
67	7	90	58	69
49	37	13	88	88
70	49	80	83	37
86	79	89	69	7
27	6	77	68	71
6	40	54	84	84
55	7	26	33	17
79	75	68	3	21
72	8	35	13	26
25	28	1	95	76
4	59	22	60	47
41	42	99	80	80
63	20	30	53	53
52	79	41	5	75
3	62	78	51	51
32	25	87	27	27
5	90	87	92	17
90	38	9	93	76
79	85	32	65	3
63	78	73	79	79
91	89	64	9	47
59	31	96	35	35
96	41	92	75	75
58	59	36	68	68
98	4	71	95	38
19	80	56	68	74
17	70	81	68	58
6	17	57	37	37
32	74	11	81	78
32	4	50	34	42
79	7	50	73	49
11	18	98	36	12
10	1	78	14	77
43	72	20	38	35
57	59	96	6	6
76	41	99	6	93
49	7	77	65	54
88	32	97	85	85
95	41	24	93	93
64	29	27	6	6
19	97	20	53	53
98	47	35	87	87
80	23	93	29	60
97	49	39	53	53
76	74	89	25	78
43	17	36	37	2
50	35	59	47	7
35	98	13	67	67
14	21	5	54	4
87	84	30	83	97
53	1	73	68	86
5	50	64	47	48
75	98	82	55	57
59	98	52	2	94
2	80	70	28	87
89	64	63	51	77
76	91	38	1	57
75	15	57	74	73
2	6	49	73	73
96	76	3	58	64
74	10	35	44	54
65	12	76	64	47
67	48	2	69	27
97	8	23	65	65
74	9	71	27	68
2	62	30	88	26
15	24	56	8	14
32	91	12	77	82
35	57	36	19	47
90	85	55	37	77
92	48	76	99	99
56	37	82	4	21
89	23	35	24	24
86	91	73	35	28
22	62	49	92	65
90	28	73	85	96
57	89	44	29	75
35	24	41	27	57
85	94	40	35	35
12	6	22	88	97
98	11	94	78	67
48	53	34	6	36
74	15	96	84	84
36	69	73	2	87
12	33	65	73	8
9	82	79	38	6
10	82	91	39	81
36	50	79	86	37
79	20	65	66	66
79	48	63	62	62
23	14	99	87	84
23	36	58	28	52
67	68	85	3	41
77	9	71	66	35
1	58	2	44	27
96	22	76	40	4
91	6	88	92	5
81	36	57	54	54
3	74	65	61	97
40	59	27	79	45
42	71	63	11	11
70	96	18	60	60
53	83	62	89	10
99	88	24	92	66
91	88	1	53	49
62	13	75	90	69
18	68	32	60	50
26	32	53	78	34
24	55	75	72	44
4	41	66	91	83
70	55	35	75	95
88	60	26	85	83
44	8	62	66	78
21	41	67	94	94
21	63	93	81	84
1	36	90	23	95
17	18	36	89	28
99	4	66	77	63
6	74	90	9	9
2	7	13	12	11
27	67	2	64	64
51	81	48	65	1
54	39	85	2	87
64	8	47	60	37
11	6	93	37	82
84	21	99	68	88
40	4	25	24	24
85	18	92	82	70
66	68	54	59	59
30	96	87	86	2
3	36	72	83	64
88	61	4	40	83
25	80	13	83	83
56	58	31	14	57
83	64	7	35	81
98	60	67	85	61
91	73	68	65	12
49	25	2	66	62
8	21	63	75	53
65	66	86	55	55
87	29	33	81	64
49	65	58	48	37
19	83	77	57	70
88	43	68	61	19
7	78	50	44	76
91	10	99	1	1
80	81	3	30	58
69	95	32	51	51
53	61	54	19	2
36	45	84	43	43
21	84	65	63	63
46	32	66	13	98
8	45	52	77	79
52	11	64	42	68
96	67	83	95	95
51	33	22	64	90
96	60	20	79	93
36	26	66	44	87
13	4	71	29	18
76	1	84	35	10
61	98	37	11	11
86	88	92	5	5
44	66	39	7	67
29	56	75	6	39
63	68	6	27	73
41	80	44	19	94
75	60	80	5	35
62	6	74	14	13
12	35	58	98	90
86	35	26	59	59
65	2	71	56	94
96	84	10	25	33
21	9	35	14	14
80	96	25	19	50
44	46	16	83	83
20	52	62	79	19
53	5	54	19	22
63	38	62	77	77
95	46	11	76	65
46	90	82	94	15
25	62	76	71	69
41	50	75	84	84
86	68	45	78	93
27	1	82	85	63
15	6	36	57	53
46	23	40	53	92
83	5	29	48	48
73	9	75	81	64
90	28	62	26	26
64	23	95	97	81
10	25	58	23	23
58	60	41	37	39
85	70	75	11	47
85	90	64	77	23
61	14	21	5	5
71	32	84	6	77
61	49	38	47	40
50	49	71	14	76
89	60	91	55	55
34	64	95	6	69
34	27	39	30	53
24	1	49	37	54
57	14	65	55	55
72	1	65	79	87
54	74	51	63	46
65	85	4	84	29
98	74	34	24	4
57	60	2	81	81
98	31	67	99	99
32	28	83	86	86
97	20	95	52	37
39	70	75	56	88
94	67	88	10	53
25	10	42	92	92
80	97	16	15	15
17	67	15	79	82
64	2	37	88	84
40	8	58	71	84
98	73	95	55	55
7	39	24	99	99
65	55	73	2	30
25	32	65	76	11
74	30	13	69	81
73	83	80	23	59
61	4	99	54	54
97	23	78	74	88
28	65	73	67	70
85	23	56	86	66
59	47	36	62	9
23	11	15	27	27
22	7	23	24	17
38	36	88	23	85
6	53	60	72	43
59	83	94	2	50
99	36	40	85	89
1	38	52	50	18
2	54	39	23	56
67	74	24	1	90
84	86	32	55	55
48	26	4	22	50
26	52	44	30	30
95	56	87	14	75
40	92	1	91	91
79	2	63	45	94
73	85	35	99	99
90	54	82	60	8
98	25	94	89	6
74	21	53	77	69
1	58	97	90	90
1	34	45	14	14
5	99	73	87	94
97	5	83	88	25
84	52	25	98	69
91	56	19	74	27
93	47	54	94	3
80	12	69	37	78
47	99	32	74	74
75	19	86	88	28
86	33	1	16	83
22	87	99	4	97
49	52	73	48	48
2	23	45	46	46
11	54	72	78	91
73	95	15	9	79
68	38	77	19	87
73	88	41	20	20
89	29	93	6	6
52	4	47	81	18
63	53	28	1	71
33	43	1	3	3
61	3	75	73	22
60	38	61	14	52
76	13	89	81	47
94	89	14	92	35
55	76	61	7	7
54	2	21	53	62
8	7	93	42	48
6	90	80	61	51
95	52	54	67	56
16	59	4	91	75
7	81	60	95	63
11	60	36	26	32
9	71	39	74	56
83	85	94	57	64
83	81	49	56	96
36	38	52	8	8
61	89	1	87	87
96	27	62	80	57
27	2	25	30	30
27	82	99	33	33
39	13	86	92	43
87	49	33	17	17
62	35	58	49	49
80	89	49	61	6
52	63	83	25	25
82	98	89	4	33
71	96	11	20	87
80	98	79	5	5
51	30	53	72	72
18	90	78	37	70
35	90	13	26	26
97	55	52	20	20
7	8	62	56	94
98	14	8	37	37
17	82	64	40	98
56	92	95	28	19
94	28	85	65	65
13	88	96	43	87
19	11	58	23	23
56	71	32	72	23
51	55	89	73	78
64	42	48	66	11
56	45	39	10	48
43	42	16	46	39
74	94	68	17	80
4	60	40	41	41
2	28	48	64	56
35	37	67	9	56
63	64	55	76	15
40	80	65	12	79
79	33	64	96	5
53	75	76	5	97
86	56	88	29	47
6	56	63	39	43
94	72	75	26	93
19	74	91	78	78
10	71	77	1	78
45	69	38	48	23
94	41	17	91	90
86	39	15	98	98
80	82	61	52	2
76	68	81	34	8
99	10	42	12	12
57	68	6	13	90
81	42	85	38	38
6	7	38	57	58
49	43	5	69	56
75	10	81	95	98
76	51	23	28	43
54	92	77	1	55
88	53	13	90	31
33	81	89	11	86
88	85	45	14	83
50	91	33	70	70
45	92	60	85	85
43	97	67	55	24
70	14	88	66	66
73	24	61	65	63
69	22	85	93	76
71	31	94	93	98
80	85	27	65	88
54	83	7	78	48
69	70	87	28	28
54	96	86	11	74
30	12	40	11	11
56	41	6	12	46
30	26	7	35	28
98	70	7	74	47
83	95	42	74	74
47	83	88	36	36
34	92	65	84	31
28	72	80	93	90
42	66	49	57	8
10	25	7	47	77
46	50	10	48	2
73	23	58	1	76
13	58	35	71	71
10	95	89	29	92
2	63	12	43	50
68	50	31	67	6
13	55	31	92	92
85	10	54	83	53
51	22	97	57	57
22	82	91	57	87
69	16	11	17	89
38	12	49	47	34
54	74	78	8	95
98	23	12	86	86
11	48	42	3	3
50	5	2	23	23
76	60	53	9	57
5	91	94	80	27
9	93	30	85	95
39	30	17	92	92
27	10	55	60	61
5	42	21	50	47
74	69	89	95	21
65	64	2	13	57
78	69	94	73	16
91	22	85	29	31
16	63	74	57	81
12	8	61	59	59
34	81	93	30	30
44	76	37	68	75
89	90	57	87	44
33	41	50	21	76
45	74	68	12	2
70	8	14	63	63
11	3	25	64	64
30	47	70	67	20
25	15	97	32	71
53	50	82	77	8
73	10	25	83	83
84	88	13	58	60
47	53	85	18	71
87	11	5	97	97
13	65	79	66	53
8	63	26	66	59
56	40	70	71	12
70	88	66	86	86
25	83	48	35	69
74	80	83	23	58
21	57	40	64	64
51	80	97	71	73
22	21	78	55	93
17	26	41	16	81
12	10	79	68	68
19	84	78	85	46
9	10	37	39	90
24	33	57	72	91
9	44	80	56	4
43	87	54	3	83
97	99	78	4	31
42	2	68	55	43
34	94	37	57	57
8	61	49	89	24
9	70	93	78	56
11	77	14	48	48
99	80	41	22	22
67	88	22	5	5
39	43	76	28	26
41	68	85	87	10
8	60	27	5	5
79	94	1	40	71
46	9	3	21	67
60	67	51	38	47
28	94	32	90	34
15	82	64	3	3
77	7	33	2	72
43	89	30	20	20
47	78	39	30	51
94	76	9	62	62
66	75	2	53	95
45	79	92	12	84
30	36	79	38	38
81	25	64	99	40
34	43	40	14	1
81	10	32	75	84
48	62	17	58	58
18	7	67	27	22
70	62	96	51	51
59	49	60	79	18
91	83	72	1	29
92	80	64	22	96
98	7	2	83	83
68	31	70	12	66
5	67	28	4	4
54	66	2	85	85
7	78	74	44	91
4	83	63	49	49
67	75	90	61	89
94	35	15	20	20
13	31	76	41	3
82	83	56	32	2
86	84	73	77	31
68	86	80	53	53
84	75	39	85	14
17	51	91	36	7
61	94	72	14	83
71	81	75	36	36
95	77	75	1	73
40	46	79	25	60
27	91	71	8	8
52	33	3	67	73
24	60	71	63	16
12	46	69	92	92
10	28	93	27	41
18	73	91	70	99
16	30	6	63	63
26	79	39	36	36
16	73	30	20	20
34	67	95	89	89
14	90	2	92	84
48	72	59	10	57
52	63	78	67	13
3	24	65	77	80
72	92	57	11	11
5	51	77	54	59
93	2	21	80	95
72	10	6	98	98
54	24	78	74	79
88	32	8	18	75
72	35	41	87	29
43	53	59	89	89
18	88	49	23	23
48	68	98	99	4
65	35	97	53	53
91	99	60	29	29
40	7	4	25	22
98	62	5	81	81
79	56	49	2	2
91	10	40	99	8
87	1	59	38	91
92	19	85	74	63
17	6	10	16	16
44	6	29	71	21
13	75	70	39	79
25	81	88	6	91
14	55	61	71	53
43	92	7	55	12
83	89	68	39	94
23	92	65	45	45
8	82	1	49	49
71	72	68	44	15
11	17	57	31	44
77	39	76	97	97
79	63	20	87	72
87	85	17	49	74
35	50	77	61	61
75	78	91	69	20
15	7	66	24	24
62	18	65	67	43
22	11	18	90	90
11	72	85	49	38
69	37	27	71	20
72	44	5	7	54
89	78	31	98	98
43	60	52	65	85
13	16	78	63	63
11	60	51	26	26
51	66	40	61	10
73	2	44	27	27
54	53	45	10	30
74	54	10	58	83
88	69	7	97	51
81	46	5	20	85
89	78	10	31	31
86	2	70	17	17
97	73	71	38	63
70	21	69	36	36
84	20	80	1	70
95	11	42	76	94
87	79	21	60	12
45	60	27	18	92
87	99	46	89	12
40	69	32	50	50
32	74	71	57	6
73	9	46	47	74
5	97	79	85	85
18	81	90	38	38
40	19	41	65	65
90	2	62	34	91
3	20	19	17	10
52	11	96	45	45
73	37	45	35	35
73	72	16	55	51
20	16	32	48	48
58	30	35	17	64
81	6	66	70	38
49	15	40	53	56
77	96	93	79	79
22	10	80	18	18
59	31	53	62	61
97	13	1	36	36
55	85	41	50	50
75	64	40	79	65
54	28	56	27	14
21	87	79	60	77
39	7	9	25	97
40	65	75	78	56
47	34	81	61	61
71	40	18	63	63
42	5	31	61	59
2	70	32	91	84
63	43	68	15	60
97	66	41	1	89
40	63	43	84	16
27	97	95	84	84
71	80	12	21	66
57	7	49	13	13
8	65	17	29	29
67	82	21	70	69
53	71	4	52	45
23	71	6	5	5
78	23	10	49	13
66	13	43	79	75
78	88	77	67	23
19	25	15	41	41
46	43	87	6	6
76	25	3	95	54
3	88	61	53	98
24	70	91	36	36
66	67	19	73	3
8	15	21	64	75
60	33	16	92	92
72	17	21	2	2
96	71	53	84	84
96	50	13	75	93
78	53	65	56	9
76	63	42	29	29
5	11	89	65	54
79	85	63	15	90
22	49	30	83	51
77	65	57	74	21
58	77	35	87	86
27	14	94	65	51
96	34	91	7	81
49	72	56	47	4
69	60	17	81	91
10	74	34	13	13
78	14	84	76	57
91	18	6	32	32
68	55	27	34	34
18	15	97	80	35
78	94	99	58	16
44	51	1	81	69
64	3	36	37	61
23	78	55	74	74
82	91	96	24	67
75	32	55	1	65
79	86	85	84	38
89	44	91	20	92
1	25	50	23	23
43	20	4	35	45
32	52	44	69	69
49	1	98	58	60
55	94	96	73	15
66	7	48	76	52
37	6	81	69	86
95	84	14	87	47
53	70	41	79	32
14	57	95	40	40
61	43	19	72	73
75	88	47	48	8
10	94	40	8	91
47	62	6	52	37
80	61	29	76	3
22	14	27	4	26
10	67	95	77	66
96	39	6	82	82
8	56	75	43	43
22	53	94	30	73
25	42	49	77	82
46	90	96	16	16
20	68	79	42	42
19	88	65	23	23
96	94	63	71	60
34	66	82	6	76
33	30	99	74	51
40	47	35	77	77
10	79	72	89	47
50	79	31	98	85
21	46	84	70	70
15	53	91	39	71
6	85	92	80	62
37	39	73	97	97
18	1	17	2	65
29	11	24	57	57
69	91	2	58	59
55	97	7	78	78
45	11	39	96	96
21	13	82	30	77
88	84	9	7	7
1	87	68	29	79
88	7	41	40	40
24	33	36	71	71
59	18	96	52	52
7	40	69	84	73
64	66	38	1	32
32	35	57	59	59
69	32	39	42	42
33	32	41	84	19
52	22	88	86	51
11	81	76	2	23
31	57	65	78	78
88	71	5	66	49
57	73	78	21	83
42	71	81	83	14
88	81	67	26	26
69	37	56	11	70
77	28	79	49	49
89	3	76	94	11
42	34	56	31	13
27	74	67	3	94
55	57	73	64	15
27	30	64	14	91
5	67	54	66	90
21	8	36	29	29
29	38	47	76	4
92	77	10	3	3
80	52	54	95	95
81	85	97	34	32
70	11	26	24	24
40	6	58	42	42
55	9	58	1	60
87	61	82	51	51
74	99	89	24	7
64	56	12	45	98
41	17	72	81	23
87	89	81	42	16
88	6	49	94	19
28	34	32	74	78
88	63	46	42	87
31	91	33	51	43
56	32	18	79	82
64	94	37	29	38
14	59	64	69	43
15	70	73	40	40
12	59	76	7	7
11	56	22	10	10
4	87	17	42	42
54	10	36	62	66
58	52	34	9	63
44	37	23	3	49
79	94	78	83	83
76	61	93	75	13
38	45	74	68	8
72	15	22	64	64
49	85	77	3	50
79	51	25	89	89
88	30	75	40	40
83	24	39	77	30
29	20	91	28	97
79	61	93	67	20
55	43	84	19	19
7	41	92	11	11
79	90	36	3	1
16	70	20	78	78
55	8	80	49	68
66	63	89	18	85
93	29	2	40	40
31	89	44	6	6
77	1	13	80	72
75	80	12	33	82
52	53	83	6	6
15	5	55	75	29
67	68	78	10	10
27	22	93	85	70
42	58	87	91	91
41	65	45	7	58
1	83	37	62	90
66	39	77	51	1
51	66	57	19	68
87	25	58	93	91
79	60	89	61	11
49	17	76	89	90
23	90	79	94	65
67	93	12	98	60
6	85	96	87	18
82	79	73	4	20
17	67	18	71	71
69	19	79	72	72
73	77	94	51	57
86	50	82	80	20
70	43	96	1	81
57	40	64	61	15
88	77	61	16	16
97	2	50	78	70
1	95	12	42	41
72	62	32	46	57
54	55	21	11	68
92	66	82	41	41
10	4	84	2	34
66	67	79	21	85
13	64	5	57	78
74	99	56	25	15
92	6	87	76	33
53	39	54	34	91
1	13	63	58	58
36	46	64	19	19
66	59	29	56	48
56	50	7	63	92
27	88	32	73	38
97	66	53	62	24
8	26	87	1	84
2	48	99	9	5
74	59	57	40	4
36	52	81	84	73
5	55	30	49	62
69	14	64	62	40
75	70	29	9	78
38	67	72	95	21
70	4	48	27	27
15	76	17	13	95
47	97	49	26	20
44	38	35	79	79
15	84	77	70	51
66	23	16	96	45
87	97	2	30	81
36	96	1	38	43
94	66	20	93	93
68	69	39	8	80
94	2	18	81	93
80	44	10	96	88
17	2	28	10	10
26	97	5	27	68
81	59	47	6	96
27	57	51	96	98
33	24	50	85	5
61	57	58	39	16
54	16	62	64	74
50	90	21	11	11
31	68	33	98	99
1	16	7	34	24
17	44	49	15	15
80	13	29	82	82
82	68	94	64	13
32	78	90	89	39
82	73	84	43	43
62	5	26	13	13
96	95	11	65	2
68	5	24	96	96
56	23	58	43	3
34	88	56	79	68
12	73	38	5	58
80	60	63	95	95
24	61	85	67	67
76	54	29	48	48
26	22	47	18	18
99	20	39	51	51
13	45	94	82	31
28	68	96	36	36
38	75	18	52	52
44	85	6	87	57
96	83	28	60	60
11	27	8	48	48
42	70	76	56	8
30	53	31	88	88
65	46	15	68	71
88	9	57	58	58
88	36	56	12	17
62	12	81	16	3
17	1	72	62	10
31	7	56	59	66
39	21	8	59	59
32	1	40	4	56
95	75	96	74	74
75	15	82	65	54
50	35	66	44	90
30	78	10	20	20
75	38	37	95	78
85	92	38	78	78
66	8	69	87	55
92	74	78	64	16
37	68	1	89	75
42	80	24	61	31
33	10	40	52	51
89	49	84	14	73
95	96	16	43	43
73	89	17	8	77
9	98	27	87	87
99	39	74	73	83
86	47	52	84	84
10	39	61	75	70
36	74	89	42	42
25	58	32	55	65
84	8	2	65	65
26	41	40	92	23
74	78	92	72	72
78	86	93	32	32
85	13	17	51	51
34	73	13	66	66
64	97	36	45	17
9	25	53	74	74
75	80	86	35	9
86	83	20	28	28
28	11	88	79	79
26	86	78	6	80
74	51	10	66	96
60	17	76	56	70
51	23	90	87	91
2	64	96	41	98
49	55	48	25	25
84	2	36	66	66
76	20	19	87	21
2	48	18	40	42
22	58	94	88	86
94	99	47	63	3
49	41	37	50	88
29	2	55	42	43
2	43	64	37	70
11	32	33	4	31
24	78	95	87	87
82	28	19	49	49
35	96	7	69	69
56	10	59	47	71
25	8	29	81	32
39	86	13	83	76
8	66	80	85	40
32	90	2	64	64
60	40	13	68	71
1	92	87	73	26
6	99	63	46	45
33	79	81	8	66
75	96	16	69	90
77	1	55	82	85
17	52	54	64	64
28	93	27	44	87
25	55	2	50	39
45	89	10	25	94
69	86	41	33	17
17	79	63	99	90
34	66	41	3	63
28	69	71	1	47
54	9	61	74	51
85	52	53	5	18
55	36	79	18	18
94	78	51	48	48
77	15	72	21	93
72	62	55	80	80
25	4	43	54	48
56	13	41	1	52
99	86	44	65	65
68	78	59	39	5
17	78	29	91	91
52	5	56	38	32
15	23	45	57	61
51	14	66	49	69
69	48	14	52	66
65	77	68	2	25
25	2	22	13	19
43	22	69	9	48
56	7	33	38	55
27	92	64	47	47
29	92	26	55	55
34	29	26	6	68
66	14	96	83	71
70	29	62	75	67
69	73	49	92	36
57	61	9	2	60
33	56	13	51	54
51	6	90	17	17
8	81	60	47	71
15	74	82	99	72
76	25	22	60	60
51	10	70	62	62
22	39	52	66	66
81	63	40	9	64
76	13	21	23	23
80	57	99	63	2
45	43	53	76	85
47	9	64	51	51
70	92	56	78	29
48	10	52	79	79
85	88	24	59	80
67	68	37	5	72
81	86	83	77	66
95	58	78	19	52
44	22	15	23	23
65	41	22	66	38
88	71	38	79	6
25	78	89	90	71
50	60	93	43	43
45	19	13	30	16
1	45	38	13	15
52	61	41	63	77
10	99	54	21	21
51	8	39	54	54
84	74	82	93	27
95	79	48	17	15
32	21	51	22	29
19	62	36	94	77
68	51	41	52	4
73	45	68	8	85
89	64	97	26	99
11	82	62	86	50
90	5	31	27	32
44	81	2	71	28
41	36	76	99	99
22	67	34	4	82
13	51	74	94	94
17	83	27	50	50
99	88	55	65	5
5	66	71	65	96
3	20	14	1	7
78	95	5	11	11
23	72	46	57	57
59	28	69	90	4
69	38	55	53	4
68	19	57	9	22
15	12	73	21	21
55	25	46	43	62
44	52	98	64	70
46	12	62	84	65
2	23	75	60	77
59	55	45	26	4
68	59	23	4	4
2	25	13	71	22
50	17	83	89	94
97	80	84	20	70
85	42	93	61	1
15	80	75	48	67
5	38	59	71	79
45	58	98	23	73
52	66	59	16	53
38	50	24	54	2
85	8	63	84	39
36	94	91	21	21
21	90	12	27	27
48	86	1	68	58
26	74	40	22	55
26	83	81	68	69
44	59	3	88	88
33	78	83	90	90
69	36	71	28	26
92	73	33	93	87
35	57	51	58	58
46	67	98	6	44
21	74	10	77	77
90	66	17	62	62
75	82	57	11	54
86	70	78	42	38
49	75	39	28	92
2	45	60	30	49
48	61	42	49	59
1	88	21	75	82
8	7	28	65	22
4	38	73	51	65
57	89	8	60	77
92	21	77	84	65
59	78	10	40	76
60	97	91	21	85
12	99	36	28	28
77	62	22	67	81
64	23	68	73	60
99	96	63	55	8
79	80	89	63	22
25	23	47	77	77
93	5	15	45	45
6	93	84	37	37
9	51	18	81	81
19	58	93	55	63
88	10	17	90	90
45	89	20	94	94
45	24	74	13	13
14	90	81	17	17
92	95	90	43	91
77	26	69	73	7
7	69	50	32	32
17	40	29	72	86
19	34	92	62	62
34	50	40	90	58
22	31	1	88	61
29	21	42	83	65
10	45	98	63	3
3	68	78	86	37
68	72	66	23	97
85	19	83	89	48
79	71	92	50	11
16	1	81	56	56
21	54	31	20	28
59	32	13	40	5
94	16	58	86	35
14	27	29	30	30
83	48	44	87	87
22	60	74	72	20
62	59	14	87	34
32	88	11	82	84
27	57	83	52	48
48	37	55	26	95
1	23	66	80	45
26	1	22	95	46
50	96	45	46	75
13	86	9	2	2
28	1	33	25	63
81	15	57	90	72
12	93	46	63	78
91	38	24	65	80
45	50	70	73	73
49	50	16	47	57
85	64	75	11	11
6	78	81	58	27
54	13	70	52	60
86	55	89	9	80
8	89	56	91	91
60	62	23	98	98
12	45	15	43	43
7	51	77	83	83
81	15	84	88	7
19	97	91	67	56
79	65	40	48	14
95	88	52	73	30
78	91	52	19	90
24	82	66	78	92
68	92	56	5	5
10	87	7	24	18
75	2	57	39	58
80	54	66	76	18
34	81	99	71	71
57	89	77	5	40
35	55	1	84	94
84	61	47	80	80
96	92	17	47	36
6	76	85	93	37
15	6	74	72	73
2	22	83	29	29
77	26	90	88	67
67	6	18	97	97
69	76	74	14	84
69	94	47	95	95
1	14	84	66	32
75	63	62	92	8
82	37	88	78	78
69	67	72	21	11
33	4	77	60	8
41	36	82	81	81
84	34	83	94	73
30	43	24	82	82
1	58	85	54	60
33	26	74	68	68
74	2	58	75	17
36	78	4	24	24
1	94	28	43	43
4	52	48	84	88
9	50	35	47	57
1	64	63	39	28
11	54	64	56	76
55	66	61	41	50
4	53	79	33	33
42	11	50	21	21
38	34	43	22	22
34	40	4	65	65
21	74	59	92	92
98	30	55	96	96
12	88	23	79	79
74	81	71	69	26
45	36	2	21	21
2	27	23	30	14
64	70	63	36	36
40	28	17	92	92
79	43	12	72	85
45	76	17	81	75
61	70	83	99	8
55	70	33	8	71
74	31	64	55	1
96	8	98	66	50
73	20	34	45	48
57	77	27	75	74
7	13	23	52	47
30	67	62	79	22
15	65	99	80	56
13	69	15	57	62
43	7	82	4	4
8	62	76	51	28
63	89	87	54	60
5	53	9	70	30
88	32	80	4	96
72	94	28	90	1
28	12	47	18	2
17	89	58	59	50
93	91	77	28	74
85	20	46	86	81
82	55	76	43	43
55	76	29	41	41
90	52	10	92	62
79	14	88	69	56
75	20	90	92	52
5	24	23	80	80
12	42	52	47	47
5	73	84	43	95
22	47	32	21	33
99	97	22	67	78
88	71	14	95	59
56	6	71	86	57
23	89	67	79	78
99	87	52	6	6
69	98	44	53	77
23	51	57	71	71
70	63	7	96	5
96	69	12	89	89
16	15	74	19	19
63	35	32	12	83
85	61	88	24	50
55	17	13	88	21
51	9	1	85	85
39	65	76	81	9
46	52	71	75	73
5	42	66	58	78
58	25	45	20	20
88	85	9	31	31
73	38	19	18	18
35	34	59	57	4
17	70	90	67	77
48	93	47	4	88
91	97	36	81	7
40	96	12	11	11
79	55	59	56	46
16	1	83	79	88
51	11	89	85	64
99	95	79	54	38
25	6	52	40	40
31	28	77	68	68
2	35	88	36	36
43	74	77	10	46
99	86	32	89	87
89	21	34	37	37
78	48	15	75	63
86	3	43	52	83
87	4	48	73	61
64	15	31	74	74
67	2	48	75	39
68	91	76	18	74
92	81	84	87	34
38	80	28	51	51
94	65	98	72	74
78	88	44	84	15
84	90	55	63	48
62	6	64	49	36
98	49	40	43	66
31	96	36	4	4
56	58	36	32	32
29	77	45	98	42
42	91	70	30	35
74	72	64	59	59
59	91	45	88	76
59	53	46	37	9
73	30	17	76	76
63	8	66	54	31
94	92	99	98	43
32	16	84	99	99
26	59	17	94	97
28	2	99	78	96
50	78	46	84	84
69	73	53	70	23
94	96	31	86	74
63	54	84	52	52
63	6	44	68	86
72	19	64	94	96
26	83	69	99	5
98	7	39	64	11
57	81	79	54	54
32	95	84	54	82
68	9	86	37	85
21	9	43	84	60
82	1	57	90	43
53	43	75	6	6
56	27	72	4	69
44	9	25	98	98
41	42	35	3	14
12	90	48	74	82
83	32	97	60	60
64	86	89	11	11
66	75	81	46	32
94	35	93	13	98
98	73	81	46	2
90	69	72	66	66
20	36	32	61	61
68	47	26	57	55
90	61	96	60	60
67	8	12	53	53
22	68	11	12	12
22	53	31	25	26
10	88	74	75	89
40	2	80	57	67
80	32	67	81	82
22	55	26	16	18
60	68	20	24	24
5	60	64	24	24
5	10	25	1	1
6	55	99	36	36
23	83	18	66	66
58	23	4	96	17
22	52	80	88	88
43	79	55	9	78
15	48	43	67	79
38	15	87	86	80
49	18	75	61	40
56	78	17	61	73
28	85	29	92	74
85	74	24	53	54
22	98	76	84	72
94	43	10	18	18
89	84	80	32	78
37	7	36	51	55
26	81	76	25	12
54	62	11	94	94
58	15	98	5	37
31	44	9	52	52
44	24	18	1	64
41	38	8	43	23
7	46	71	14	70
65	40	58	46	7
74	44	66	4	4
55	71	37	83	60
48	56	39	57	6
4	29	41	83	68
85	16	53	84	84
47	10	60	38	38
85	4	55	60	63
7	38	36	95	90
2	55	87	5	34
68	82	76	19	99
6	79	94	80	80
29	59	49	82	82
45	83	29	47	47
9	38	47	42	42
95	56	99	1	49
34	23	47	46	69
60	37	39	10	83
33	76	75	60	8
64	55	37	40	40
88	99	63	58	39
71	91	66	18	81
17	30	62	7	73
2	82	86	81	13
17	85	3	23	23
11	5	94	51	51
32	64	66	4	4
55	70	12	80	59
79	46	38	7	7
49	97	25	58	58
78	88	30	6	6
14	70	77	21	72
4	63	69	37	37
90	86	40	64	5
94	16	29	11	11
68	96	39	69	69
73	27	78	95	96
50	43	37	44	12
63	53	12	85	78
55	24	83	82	77
8	47	55	70	70
78	23	9	75	76
25	94	32	23	23
42	62	94	71	71
66	19	77	32	32
21	45	85	34	32
76	73	21	84	1
92	75	78	64	1
79	53	2	48	61
37	9	5	90	90
52	81	28	79	67
37	65	6	99	99
84	89	3	83	17
80	9	72	36	25
85	62	73	21	89
90	28	69	98	10
83	66	24	79	79
1	76	75	10	69
72	79	57	26	44
46	4	84	6	6
47	78	7	58	65
83	99	4	27	96
86	46	24	5	5
78	67	51	5	93
9	73	58	45	45
96	18	80	69	14
57	3	59	81	52
27	83	54	19	1
70	3	51	66	29
99	44	59	84	84
16	51	80	95	95
74	80	99	43	2
12	30	29	27	28
2	68	45	79	97
44	31	63	83	74
47	61	38	99	16
93	26	89	64	97
16	28	99	68	68
80	29	74	42	62
61	3	65	70	79
47	5	39	38	38
44	94	1	12	2
36	45	43	19	4
71	87	40	4	95
1	20	12	10	10
15	38	77	68	68
63	72	66	20	20
7	59	26	94	94
87	86	91	68	68
54	57	1	53	53
29	79	28	23	25
88	2	48	76	76
58	96	92	90	87
83	66	71	9	47
75	35	3	48	28
57	50	13	47	64
41	69	70	98	55
3	50	12	79	9
46	2	15	39	48
80	81	24	63	67
1	46	92	26	26
7	65	18	2	37
6	62	95	51	89
41	93	91	14	14
68	96	81	24	91
53	33	45	44	8
37	85	53	8	27
59	34	26	8	8
53	63	32	2	64
87	95	74	91	42
15	55	63	70	52
37	38	40	19	7
85	49	37	20	58
84	55	99	1	39
85	55	3	64	57
64	11	97	62	90
79	33	92	91	80
10	99	7	41	41
7	18	62	78	46
17	16	8	80	13
57	19	1	6	6
16	69	99	14	14
93	47	67	64	64
47	15	59	58	1
60	51	93	73	53
37	47	94	63	34
64	31	55	7	56
77	23	80	88	88
6	52	89	33	7
87	8	19	78	88
16	26	81	90	30
55	87	8	11	62
30	92	86	10	10
34	14	22	42	42
60	71	87	2	94
84	81	52	10	10
59	76	89	65	65
8	73	28	77	69
63	7	11	9	81
6	87	95	71	44
52	6	1	51	11
48	41	11	60	53
82	22	56	29	99
76	98	37	58	71
47	3	73	19	87
21	57	69	76	76
52	9	96	38	76
32	94	84	71	71
80	72	44	55	55
99	66	6	90	55
9	36	88	77	81
80	53	70	73	9
7	86	49	22	29
58	87	85	57	17
77	1	70	67	67
5	75	35	54	77
43	2	86	68	65
76	10	75	48	49
6	70	69	17	72
1	40	85	81	51
86	47	51	6	6
17	45	34	43	2
10	56	65	17	70
87	85	14	45	72
58	95	9	79	71
71	44	82	92	92
98	54	27	4	4
40	3	42	5	5
17	66	75	61	57
78	11	62	68	8
66	33	98	50	50
47	72	99	8	8
29	4	23	45	82
51	60	68	17	93
10	52	50	65	65
66	27	69	11	67
75	2	33	93	82
18	7	92	20	47
72	37	11	35	48
95	79	84	4	35
32	86	78	11	11
8	47	99	31	31
90	11	69	45	72
37	28	6	14	14
59	92	35	28	52
37	4	17	36	41
79	48	69	14	84
63	81	64	13	61
82	81	78	33	71
90	43	31	11	8
76	39	73	75	91
53	47	77	8	70
96	59	55	9	24
61	64	15	48	48
45	19	37	28	28
25	36	19	79	92
52	87	11	49	65
5	38	66	43	61
3	90	69	67	50
56	3	72	14	14
48	77	88	90	90
21	33	1	55	20
42	70	79	4	54
21	15	26	88	88
97	52	54	21	21
13	2	27	34	34
20	39	44	35	35
73	72	81	62	12
67	69	6	71	18
13	87	45	91	73
91	99	86	83	31
91	47	8	83	83
78	95	59	84	84
50	68	8	64	43
74	44	82	9	64
9	65	77	63	63
19	54	47	56	4
71	92	55	88	15
28	87	32	6	6
3	98	21	20	20
98	77	9	23	23
46	9	97	5	93
66	71	44	13	58
5	14	52	20	20
7	39	51	85	85
76	84	96	5	5
52	41	12	57	57
13	64	98	10	10
80	16	2	85	68
15	38	54	69	16
32	43	28	14	14
33	70	63	79	4
60	68	40	53	57
82	16	28	26	26
9	33	17	67	67
79	85	45	33	33
91	62	87	22	98
12	81	10	39	24
35	15	20	90	90
18	44	98	46	24
38	10	90	87	87
27	24	42	94	40
59	16	83	84	41
94	84	9	64	58
13	52	42	12	80
74	20	24	88	88
31	8	50	39	59
57	60	82	86	36
10	5	25	27	27
90	56	45	67	67
59	58	32	74	13
67	36	62	93	93
35	1	19	80	29
81	12	41	5	5
24	54	10	38	38
55	7	87	64	69
2	36	50	19	49
73	17	45	39	39
1	97	9	64	64
60	84	20	86	68
3	75	46	84	53
15	82	92	65	67
85	91	16	58	58
89	70	13	85	49
80	20	78	46	76
84	60	52	28	67
1	90	93	84	84
21	34	87	96	96
17	1	26	33	37
35	74	59	81	81
27	18	88	65	4
3	80	36	74	44
17	40	59	91	69
70	33	44	32	78
38	51	55	54	6
99	85	81	26	84
26	95	48	75	43
93	66	80	51	27
18	38	55	27	32
41	86	45	59	9
66	70	78	13	21
14	74	73	44	25
20	14	73	71	18
64	68	89	36	36
58	60	54	89	17
68	64	88	93	17
38	40	45	22	5
37	27	8	35	35
82	90	58	66	13
39	79	22	3	3
72	54	87	15	94
77	93	33	86	89
48	5	4	47	81
42	6	86	58	84
80	56	30	27	98
18	38	1	29	31
75	85	20	78	57
74	7	47	91	99
61	4	11	29	54
39	76	96	31	8
35	20	4	78	77
76	85	16	62	64
1	25	45	34	33
94	71	89	97	30
54	72	66	19	62
42	52	53	12	80
81	51	27	15	15
76	40	62	24	31
37	67	38	25	25
3	74	28	94	92
63	71	97	99	99
53	93	58	4	98
26	11	34	31	33
69	62	63	59	59
2	75	72	24	24
41	19	47	53	53
40	72	66	64	93
70	40	90	53	67
1	3	16	84	25
67	10	65	52	82
83	96	44	45	45
58	87	18	93	77
51	5	41	30	50
56	81	68	12	86
34	17	63	64	81
73	51	15	82	70
11	49	51	70	74
95	6	29	89	84
55	16	91	19	19
18	97	90	79	61
1	95	35	12	42
3	51	71	38	59
35	59	33	93	28
74	56	11	92	76
61	60	62	10	23
56	85	50	10	16
26	97	72	49	85
99	84	12	97	41
74	67	70	21	53
59	18	38	47	47
50	87	62	5	72
72	10	88	68	56
93	95	87	80	35
29	32	69	75	19
94	80	88	90	70
81	1	9	5	71
24	87	91	96	96
71	89	74	63	15
71	11	64	49	51
82	47	67	1	26
76	87	27	12	37
73	93	14	77	77
33	22	61	46	31
5	67	60	36	48
46	16	67	75	78
56	68	50	82	82
43	88	97	26	69
5	75	83	44	44
48	65	59	76	60
42	62	92	93	5
90	96	34	51	99
76	82	97	40	2
97	87	81	39	3
80	72	11	56	93
69	68	30	48	51
38	10	25	22	22
38	62	60	40	7
43	10	89	64	64
62	79	80	99	99
64	60	4	43	33
14	5	3	46	27
40	87	58	42	31
87	98	80	43	7
30	70	84	40	94
56	41	58	40	40
53	40	68	95	95
85	36	81	8	93
18	44	65	90	4
10	50	96	46	46
27	58	4	64	64
84	72	55	1	43
67	96	81	1	46
84	82	2	96	90
96	74	19	98	98
22	52	94	23	23
89	39	91	28	28
67	85	66	14	14
47	67	84	33	34
19	86	82	4	79
7	59	94	97	97
19	31	90	30	44
4	33	62	95	74
98	41	1	92	92
25	65	93	16	58
57	16	96	82	85
47	60	84	41	19
25	41	8	3	3
64	39	5	52	47
9	65	80	88	15
51	15	57	39	54
17	74	56	27	62
69	61	72	66	26
56	50	32	88	83
3	24	67	69	69
58	27	28	41	41
67	51	66	52	52
18	48	99	85	85
2	50	93	60	80
57	40	72	49	1
50	6	73	55	53
91	35	86	10	96
79	71	78	81	33
73	49	1	65	34
12	98	87	68	65
20	53	77	63	63
3	58	32	76	68
19	90	71	45	59
1	39	55	29	70
91	36	21	13	13
14	58	64	54	44
92	45	73	3	72
9	89	83	11	37
24	37	29	25	2
65	88	68	71	71
73	88	87	90	99
10	79	26	57	57
12	58	75	99	89
49	28	7	66	66
87	77	12	63	58
16	76	23	94	94
82	12	51	78	78
83	17	71	51	78
62	92	94	54	70
76	65	24	87	81
29	69	82	68	1
81	69	1	24	71
55	17	98	53	53
58	84	75	40	71
87	72	23	56	20
65	42	35	78	78
20	96	64	7	7
39	78	81	73	14
57	95	69	80	80
14	47	41	49	38
78	63	84	6	39
19	13	36	1	9
3	4	26	1	1
4	50	90	92	52
44	47	49	39	16
60	83	3	32	32
66	28	26	97	94
44	48	14	4	49
26	33	87	46	58
51	1	27	57	38
14	83	36	15	15
35	2	65	76	86
85	70	86	12	41
70	4	92	50	72
46	56	37	61	44
77	86	61	62	14
6	64	84	12	12
65	75	72	26	26
41	76	2	69	91
3	25	98	88	88
21	70	12	80	61
36	48	46	28	7
31	81	74	8	85
64	5	65	25	51
83	84	14	66	66
92	93	66	8	58
52	53	16	68	63
45	6	33	40	40
67	23	5	77	74
52	73	1	29	58
41	93	38	58	58
30	19	32	82	15
18	20	46	80	47
83	19	88	2	78
52	26	42	74	89
50	41	30	86	62
97	74	48	89	89
26	28	38	21	21
50	51	30	24	1
60	2	40	16	86
12	49	89	79	74
30	49	56	33	83
52	32	11	48	55
63	27	95	67	67
80	72	11	2	2
69	22	43	81	44
79	30	75	24	55
23	27	63	13	87
68	61	84	72	6
81	23	11	41	21
82	67	61	71	71
62	58	1	39	39
88	43	9	32	11
95	85	30	77	1
68	26	32	47	71
72	13	93	35	35
66	37	14	62	61
28	66	98	17	61
41	26	22	6	75
73	21	56	49	49
9	16	67	43	43
26	89	1	39	24
40	77	98	93	7
45	42	32	41	41
27	98	18	79	95
11	27	43	14	14
92	91	62	79	24
3	84	85	8	8
80	81	34	79	79
75	74	14	38	66
50	30	84	42	42
54	4	34	39	43
59	27	45	26	29
87	81	29	84	67
51	88	85	39	6
84	76	6	25	79
13	62	47	55	69
16	70	99	84	8
73	92	75	88	88
40	85	39	53	53
43	58	7	23	23
9	22	66	12	12
61	55	8	83	66
10	93	72	51	68
47	36	20	26	44
87	89	99	33	88
61	13	62	34	88
38	8	29	31	41
15	4	89	91	86
75	14	34	64	64
70	59	34	58	29
47	88	86	28	28
84	3	40	52	52
48	24	67	11	28
51	45	66	14	67
59	5	87	86	39
91	2	78	63	45
76	83	28	96	96
46	44	83	68	68
10	86	83	64	45
26	25	15	43	38
18	1	61	73	69
33	97	77	1	17
80	43	7	64	64
6	11	31	76	12
57	61	36	20	20
12	6	52	79	79
43	18	49	95	95
4	61	53	44	75
41	43	60	21	90
77	87	85	20	4
4	28	1	83	83
89	92	77	40	24
69	94	41	86	4
42	46	72	45	45
34	43	59	49	4
57	10	70	35	63
50	95	62	29	51
93	94	5	16	89
56	48	6	68	63
94	2	46	36	36
68	69	64	4	14
84	19	95	56	88
65	57	68	22	58
60	31	68	5	5
48	28	11	92	92
49	65	20	50	68
63	71	72	40	15
79	3	99	30	95
67	89	12	43	42
82	49	89	5	57
44	51	89	42	42
55	49	4	28	51
37	25	53	43	60
38	87	50	93	73
46	56	52	66	66
84	95	54	6	64
39	10	56	98	98
71	81	13	67	50
17	4	96	61	13
64	37	88	55	79
79	69	78	28	67
76	71	19	53	81
72	47	84	4	4
3	2	57	48	49
80	54	20	3	69
25	60	47	2	2
58	61	95	46	92
68	60	10	85	23
37	47	24	50	4
87	81	21	14	96
37	86	4	2	6
39	23	87	69	62
25	81	91	88	63
62	7	69	65	25
58	50	3	60	59
18	57	1	43	55
8	56	61	78	55
90	2	23	83	78
19	21	90	37	27
68	91	85	71	21
21	83	77	58	88
97	66	24	71	84
86	46	81	9	63
66	50	28	63	76
19	79	47	95	27
54	48	52	19	19
17	57	70	77	77
53	65	94	15	15
44	58	80	25	31
24	80	83	15	15
44	76	33	72	27
34	72	62	40	59
84	40	27	78	32
35	22	89	2	2
13	93	48	47	41
65	9	53	58	79
75	35	94	98	97
19	2	78	87	90
27	2	42	73	69
63	69	18	88	92
61	33	26	91	46
15	13	24	1	22
3	71	66	76	9
59	60	68	53	18
32	65	73	94	94
88	76	95	11	11
11	88	3	17	17
78	70	9	66	38
22	65	95	84	85
70	43	68	9	47
60	90	65	43	88
33	36	28	50	64
60	82	52	2	95
7	64	57	30	30
11	77	31	79	72
82	40	9	79	63
13	11	95	33	33
35	93	67	94	82
2	82	67	57	44
58	86	15	85	59
88	99	36	70	70
71	89	27	90	74
92	42	79	23	23
68	17	87	61	99
64	89	77	43	43
67	72	7	41	83
73	91	46	40	40
75	21	91	96	68
35	3	44	41	57
42	99	6	59	84
21	27	23	15	95
88	79	78	15	49
61	56	58	85	3
27	13	31	94	53
81	50	74	14	66
91	79	85	42	12
12	72	94	56	84
2	58	39	81	81
39	51	54	21	13
71	73	35	78	78
39	31	14	71	11
73	65	42	84	84
84	35	46	4	4
74	22	99	81	81
52	26	48	10	10
36	38	67	5	5
3	66	93	50	50
97	86	87	60	62
51	67	60	17	57
20	45	12	1	96
11	40	97	44	44
53	65	15	61	61
92	86	69	6	6
94	34	78	83	83
51	19	36	79	79
30	22	16	59	59
99	85	17	96	51
5	16	17	58	58
94	93	87	58	58
17	41	35	58	58
24	34	60	47	20
47	82	92	88	88
36	47	5	58	43
80	46	97	87	41
71	96	5	26	17
57	52	20	31	31
46	34	36	6	52
92	86	67	85	27
55	71	92	77	77
59	65	66	8	24
68	61	73	5	27
78	32	3	55	55
83	77	25	32	95
83	50	64	8	68
77	87	47	15	15
58	81	9	1	1
76	70	24	67	67
88	98	14	1	99
9	61	46	5	68
54	86	49	81	6
87	72	94	13	89
53	43	66	33	79
66	13	44	97	70
94	63	88	47	73
44	72	89	90	90
8	61	95	86	86
78	88	17	90	48
7	44	9	48	54
92	72	46	86	34
5	91	74	95	35
77	10	95	59	74
55	67	7	74	91
3	80	97	71	71
77	44	56	68	7
35	29	51	46	46
69	64	2	89	77
51	67	32	2	55
87	24	70	78	78
89	72	54	56	2
8	42	51	45	15
73	15	72	2	78
79	49	97	67	77
56	41	19	21	35
78	33	76	39	39
52	44	48	16	56
91	5	30	79	65
15	51	59	53	37
86	80	69	56	47
44	94	5	98	68
97	16	90	53	83
72	11	63	80	47
99	81	40	85	17
8	82	91	36	36
89	1	36	80	51
45	16	17	69	10
2	99	17	34	54
25	49	55	36	85
74	12	77	14	79
70	39	24	67	67
2	5	4	64	64
45	4	7	54	54
94	86	78	24	72
29	86	31	89	89
4	20	10	61	60
8	41	81	78	59
4	78	39	33	33
86	92	85	91	39
7	79	89	68	32
66	58	44	29	29
44	1	72	26	82
98	67	75	99	21
58	98	26	64	64
4	60	9	27	27
43	51	32	49	11
90	78	76	82	28
93	15	62	97	69
64	2	53	91	91
11	71	72	28	91
5	76	52	44	66
47	31	85	51	6
61	40	57	68	55
47	18	48	61	61
97	64	9	94	94
88	30	80	58	58
69	77	47	54	11
58	70	17	28	28
6	58	68	42	78
62	46	59	39	10
33	23	48	72	21
44	10	66	85	80
79	99	96	32	2
63	23	31	26	26
28	6	58	67	67
83	61	87	62	77
62	37	79	36	55
39	40	93	20	20
66	26	34	70	70
51	29	13	50	52
69	60	7	57	35
42	58	92	73	73
61	66	17	51	54
85	36	46	52	13
13	70	80	10	88
76	35	1	80	80
54	6	43	38	39
33	4	18	21	21
78	46	93	85	85
51	82	2	40	59
82	33	85	91	81
69	10	30	80	80
58	49	93	42	89
56	46	64	16	67
9	42	59	51	34
31	88	87	32	32
73	34	8	57	71
55	80	93	65	7
51	41	70	64	8
26	63	95	68	46
16	88	50	41	76
36	98	83	68	17
50	59	19	6	66
68	13	21	49	49
77	29	55	75	75
57	75	52	79	13
75	55	78	98	6
97	16	92	94	40
34	43	1	21	21
9	53	74	10	10
92	59	73	6	64
44	50	51	9	26
2	82	85	17	17
1	32	2	69	49
48	4	57	66	35
63	88	50	95	95
80	18	55	31	31
10	75	70	99	73
39	47	13	20	20
76	30	29	42	60
76	94	89	3	59
82	6	67	41	68
1	73	43	64	41
29	53	9	47	27
77	71	41	9	44
76	46	66	16	39
27	32	33	45	99
18	57	48	39	39
13	39	55	89	57
23	43	62	65	66
17	78	25	43	76
28	73	97	93	84
67	61	4	33	48
86	36	13	92	94
46	41	11	51	58
96	40	58	32	35
93	9	2	80	80
59	43	28	62	62
81	30	72	3	3
97	20	82	91	61
92	21	5	72	72
21	78	13	40	34
73	59	87	7	7
89	63	34	98	94
77	38	93	24	95
68	49	16	14	14
86	15	67	27	27
77	73	74	69	31
37	5	93	72	76
94	72	86	48	9
98	86	3	93	23
21	29	99	96	47
83	23	54	42	42
10	76	47	62	38
27	29	92	93	93
92	66	69	70	70
4	38	26	3	66
36	19	2	92	21
60	13	34	81	81
6	47	40	70	65
52	91	57	30	30
73	13	10	54	49
80	67	3	73	60
80	90	52	58	5
72	5	59	71	71
8	10	99	5	5
28	41	39	23	4
21	9	5	54	54
81	83	88	32	94
56	54	4	44	73
78	18	88	32	32
62	48	78	33	33
2	41	54	64	37
40	77	25	11	11
47	66	48	57	43
2	60	33	64	64
8	38	89	33	52
93	72	53	27	63
20	1	30	74	91
81	57	10	84	50
14	78	85	74	46
61	44	8	33	64
42	16	97	13	73
96	61	39	15	15
88	54	70	95	11
71	93	44	7	14
52	97	50	49	49
84	44	34	95	95
6	27	33	19	32
92	10	98	52	72
74	94	70	49	49
58	60	15	64	76
60	46	66	58	16
85	31	15	62	67
79	63	71	97	34
58	61	13	65	37
27	70	24	42	46
76	14	57	82	59
37	75	71	27	27
63	38	46	67	67
15	63	90	98	73
53	24	9	42	42
97	66	79	90	90
89	85	50	15	73
51	17	53	92	92
95	36	85	44	33
82	38	15	66	66
51	56	10	97	26
33	67	7	89	52
11	33	57	66	72
76	48	15	78	86
90	10	42	80	78
83	12	77	36	36
29	50	96	4	4
71	83	30	74	74
93	25	29	23	23
77	53	60	61	61
97	96	80	42	42
26	61	68	49	25
69	92	11	64	64
14	86	67	37	93
89	63	49	29	60
14	84	39	75	85
41	34	57	30	3
94	80	60	78	15
87	20	69	18	96
9	48	35	75	75
20	56	73	84	79
55	81	10	77	25
9	59	75	41	68
7	38	57	79	80
12	73	92	24	24
30	48	47	29	5
20	69	58	78	78
44	72	5	62	84
42	74	1	46	80
38	87	66	58	28
2	14	39	82	71
70	47	99	8	97
72	47	61	15	66
26	55	10	91	91
25	39	1	64	64
81	61	17	89	70
60	4	27	28	28
9	25	2	40	40
41	66	63	70	15
92	1	45	53	88
36	80	96	1	78
76	40	64	13	77
39	57	16	58	52
80	26	34	60	60
62	41	16	69	67
27	17	55	67	32
67	71	15	28	55
60	59	76	68	23
34	36	33	38	38
78	21	12	82	18
23	56	10	2	2
81	93	91	68	95
57	99	72	79	5
33	93	22	76	76
66	56	4	70	26
27	52	21	51	51
99	53	30	82	82
15	74	84	42	85
13	2	95	11	11
71	72	90	87	11
50	66	12	70	94
64	13	70	94	94
26	43	69	87	87
64	26	56	69	4
49	2	36	59	90
85	60	2	96	51
1	8	23	56	77
82	57	80	50	14
75	5	58	35	79
69	24	89	83	74
51	82	10	91	91
71	28	31	10	10
71	59	34	4	57
1	77	41	43	72
39	68	8	50	9
66	71	34	18	75
77	84	98	20	54
6	32	62	10	24
70	84	6	18	20
99	1	32	88	88
98	79	15	87	60
91	44	93	17	97
80	84	46	15	90
50	42	76	27	90
81	20	65	72	89
16	23	95	32	67
51	56	95	58	1
89	54	38	80	80
8	39	54	75	76
10	88	68	6	6
34	91	37	48	48
59	99	25	95	94
76	11	80	64	42
37	26	10	55	55
10	39	74	16	67
95	11	78	54	79
43	41	10	38	38
61	9	24	65	66
24	12	73	18	18
15	37	2	8	8
47	29	52	36	1
68	28	31	10	10
95	78	69	58	98
42	73	62	20	20
80	63	48	76	76
55	94	25	6	22
80	16	76	99	74
82	89	80	3	3
2	97	7	40	40
15	54	51	44	20
49	95	64	74	86
88	32	39	95	19
22	45	85	64	64
60	92	73	39	61
4	46	77	64	64
5	36	51	86	86
25	82	8	20	20
71	16	62	73	45
59	96	80	23	45
64	27	36	76	83
58	53	68	37	18
47	7	54	43	65
82	35	5	67	87
73	80	23	78	55
4	84	33	67	76
74	86	44	72	9
22	62	45	61	2
66	81	54	13	77
62	4	15	99	99
9	93	51	97	68
92	89	84	38	87
18	41	39	19	29
87	74	89	2	18
97	90	84	82	31
8	71	70	51	88
87	80	28	74	76
34	50	80	81	81
87	94	11	41	82
3	44	46	74	64
70	48	54	91	91
39	54	62	72	72
2	91	63	49	49
12	14	89	31	48
38	49	48	40	14
79	24	6	80	69
53	65	63	32	9
33	63	51	52	5
6	77	50	29	29
36	85	32	4	53
21	36	97	31	6
84	66	58	56	6
4	36	88	89	62
53	80	85	69	69
42	87	21	43	43
40	59	60	32	32
69	78	67	74	27
56	75	89	44	44
1	19	26	15	86
17	43	11	71	71
72	82	99	59	34
9	85	89	57	57
16	78	7	99	60
49	11	76	79	55
15	89	80	42	86
79	80	77	40	18
72	78	88	28	82
37	71	13	67	43
15	62	72	30	22
7	45	64	89	92
37	47	21	7	41
83	59	60	84	17
4	40	42	24	49
16	79	70	2	76
67	61	95	56	56
35	13	62	22	19
3	83	88	97	89
25	86	78	6	81
76	1	93	90	22
66	86	84	24	1
2	11	79	74	80
59	30	29	84	53
38	89	33	93	93
2	71	13	63	27
89	39	57	50	50
39	55	4	64	42
8	7	55	91	91
92	95	58	77	20
32	64	81	27	89
52	24	64	81	79
89	26	7	91	96
93	69	34	10	14
30	8	72	16	27
90	11	42	81	79
53	86	96	58	58
85	73	17	48	83
40	20	52	50	3
77	62	27	13	92
5	82	83	92	29
66	58	86	3	54
91	75	69	57	57
96	12	52	5	5
49	65	26	74	72
59	87	19	67	86
63	49	17	76	44
72	42	4	35	35
9	51	15	1	75
49	81	70	23	23
58	47	86	27	27
21	51	69	19	11
21	18	7	28	25
88	23	83	37	33
78	60	35	7	75
88	81	12	17	67
60	81	13	59	87
63	69	53	78	97
68	18	61	47	70
38	65	45	1	49
83	28	41	53	53
3	17	62	61	27
39	75	89	76	76
82	93	2	88	20
53	64	38	4	45
39	73	5	58	59
51	1	30	72	65
8	48	81	59	86
40	73	49	24	51
84	93	64	47	47
6	8	52	54	28
19	89	36	38	38
49	55	22	86	54
31	88	5	11	17
12	21	24	66	66
15	60	81	98	85
56	87	57	3	3
7	98	76	91	43
90	56	78	20	20
41	60	83	6	77
46	85	87	82	64
78	14	32	46	46
47	73	9	27	42
56	32	11	52	59
48	34	1	64	62
19	73	5	16	2
42	76	78	13	64
81	98	83	61	61
86	13	41	46	46
95	37	61	3	3
41	15	6	68	68
61	74	24	63	72
44	24	58	22	1
74	58	6	80	40
75	41	72	16	78
88	96	50	47	47
15	34	91	51	51
21	14	84	49	7
30	67	71	4	80
23	11	88	7	2
92	81	99	5	5
2	92	59	91	22
76	18	16	28	52
27	13	7	59	89
84	70	60	19	76
3	19	98	28	28
62	76	78	97	11
8	87	74	86	79
75	50	30	73	73
32	89	74	91	83
79	65	96	72	54
65	69	50	71	57
72	37	6	35	39
48	27	97	92	92
96	67	43	55	55
44	57	29	31	31
17	63	68	1	58
3	74	13	69	69
75	25	1	79	60
27	50	49	80	30
43	92	37	78	64
17	70	49	14	14
18	71	51	28	28
78	80	46	36	36
10	95	20	85	31
51	78	92	18	91
82	55	37	41	41
53	6	37	7	7
3	23	38	11	11
39	60	91	3	79
15	97	91	47	86
54	41	4	9	9
2	3	40	70	91
12	49	95	34	70
93	6	86	53	8
51	96	68	89	8
16	65	82	9	18
51	48	92	25	25
56	65	60	85	55
16	95	12	37	37
9	86	54	63	73
46	83	68	76	12
71	21	32	34	8
62	55	11	59	67
65	75	3	77	78
8	82	83	22	56
80	69	7	35	85
72	71	30	31	31
13	56	39	28	7
26	44	27	66	63
95	31	83	79	90
51	48	28	42	42
77	28	95	93	93
24	27	2	35	98
7	47	65	43	54
46	2	32	37	27
60	70	2	62	37
79	66	77	91	91
79	70	96	49	49
98	55	68	93	93
18	47	62	97	90
31	67	54	80	80
47	25	1	4	57
42	88	37	58	68
38	46	89	48	48
78	81	75	1	11
71	27	12	36	36
18	17	81	16	56
66	95	73	89	19
7	40	43	22	12
36	11	70	48	48
54	66	14	26	26
68	78	52	89	74
43	19	39	27	95
99	52	34	55	5
97	61	22	95	82
23	98	42	58	58
49	5	97	22	22
4	1	70	3	91
4	16	1	53	11
36	37	61	76	76
89	56	34	48	48
57	45	6	92	49
35	88	85	89	15
65	59	66	50	21
15	55	93	61	61
50	86	53	6	6
49	12	5	35	35
23	83	46	21	21
94	17	36	68	68
15	69	80	92	92
43	3	56	82	80
9	24	42	28	26
75	90	79	27	80
35	38	37	13	42
15	57	39	84	84
68	10	76	46	58
19	73	68	89	42
68	58	99	46	40
96	60	97	34	80
60	80	15	72	58
9	80	68	56	93
91	19	93	59	53
69	96	28	34	44
52	18	26	70	99
52	1	36	68	68
77	4	58	11	11
55	98	26	56	64
53	19	61	11	25
25	24	62	75	75
19	52	55	10	14
60	55	91	9	68
19	27	86	87	87
74	72	4	53	53
20	67	61	72	80
81	91	59	86	80
10	30	9	55	69
34	40	25	97	97
82	49	60	59	36
90	23	20	80	80
17	52	2	45	46
24	31	14	5	5
59	7	50	37	45
45	14	60	52	51
6	82	54	7	7
66	88	89	80	28
18	4	35	44	44
41	39	92	58	14
68	86	44	99	54
50	41	77	48	42
40	55	91	17	17
93	21	4	46	15
68	11	94	88	54
69	3	65	50	29
32	97	55	43	43
94	18	62	59	59
3	96	56	84	58
2	41	82	75	97
99	52	65	25	28
96	31	25	46	46
59	16	95	69	94
5	90	10	14	8
57	8	19	54	54
81	77	82	23	52
57	87	13	64	79
84	24	17	38	51
36	42	26	40	9
73	1	98	9	9
32	57	3	98	62
4	33	70	83	88
16	94	29	31	31
89	24	54	4	4
10	73	85	59	59
90	74	33	97	96
25	59	67	66	8
71	18	78	61	60
57	95	6	39	56
22	70	71	39	9
85	88	95	40	77
9	91	26	84	49
11	54	86	53	81
82	70	14	67	67
8	54	77	96	96
53	64	46	45	8
37	34	51	49	9
72	44	6	42	70
50	55	70	46	46
48	66	22	63	65
48	33	10	56	77
34	76	78	69	98
37	78	2	75	93
50	9	13	64	57
4	28	1	76	76
39	80	32	8	22
72	93	47	23	23
39	43	34	40	40
85	71	31	10	10
17	84	86	57	65
69	12	8	52	96
67	54	82	1	1
1	40	35	45	17
47	50	58	33	7
3	44	80	60	89
51	74	26	6	72
56	27	53	29	29
53	36	87	56	23
18	9	82	86	37
71	36	92	37	69
29	65	44	38	6
69	59	10	45	54
14	51	77	29	29
81	99	31	3	21
76	81	9	91	26
9	46	47	44	77
52	20	21	34	34
86	10	14	79	79
57	39	63	58	14
88	63	92	77	77
43	86	51	85	85
21	64	96	76	94
97	77	74	14	71
53	70	86	77	14
8	83	92	41	76
68	7	45	39	66
49	20	27	42	42
5	40	93	2	2
56	74	61	7	87
86	99	13	95	46
64	20	35	33	33
97	63	98	54	9
63	68	85	86	22
70	31	35	15	15
26	74	71	61	5
54	58	60	77	77
94	7	90	28	99
59	55	93	75	30
43	7	8	88	34
10	53	13	17	17
52	13	45	50	35
40	87	46	5	6
93	89	54	32	32
87	65	14	84	53
12	85	56	40	40
68	10	36	14	90
51	81	66	94	94
55	28	87	20	46
3	77	89	98	88
90	11	62	14	14
51	96	28	44	44
61	36	35	65	1
90	40	12	29	28
8	82	23	58	24
80	55	70	12	83
64	90	83	81	24
7	86	83	27	76
47	39	53	94	64
28	90	91	59	92
6	96	49	80	75
21	5	8	32	32
34	61	4	58	25
42	15	70	23	23
68	75	51	49	49
68	12	56	97	94
64	9	27	33	33
81	69	80	58	58
20	38	1	11	9
59	56	4	26	26
29	5	77	72	84
82	77	32	96	19
80	90	30	92	74
11	30	58	86	86
83	13	78	91	36
11	46	34	91	14
64	68	45	58	58
90	82	37	34	45
77	25	60	67	86
97	77	24	96	69
1	81	86	53	53
15	33	37	88	88
48	40	98	12	73
38	6	26	98	98
86	5	85	93	25
77	10	20	17	37
61	27	44	2	55
6	63	36	22	22
46	84	87	50	3
9	45	23	35	35
68	62	81	74	88
73	9	24	88	11
2	67	26	82	75
85	86	5	17	80
63	22	57	12	5
27	5	78	80	65
95	92	10	57	61
67	12	53	57	13
36	50	37	6	39
43	11	47	72	90
45	69	72	46	8
9	67	49	83	72
72	15	45	14	20
58	89	90	8	49
4	14	10	1	1
49	23	22	30	30
74	73	23	5	80
53	87	9	14	74
97	83	22	64	64
91	92	79	14	42
67	32	47	69	7
81	57	91	14	15
44	75	69	4	45
67	13	68	62	33
90	6	45	70	11
54	65	45	62	69
55	13	84	67	72
80	96	79	51	9
69	95	72	4	29
85	6	45	80	57
31	71	73	66	21
55	35	52	59	61
75	42	24	68	5
84	23	69	99	99
82	85	42	4	54
64	74	57	55	55
22	71	32	38	43
78	82	6	77	21
44	64	13	39	39
74	27	9	36	5
5	44	82	67	67
44	36	31	39	9
54	58	71	75	75
18	21	56	20	30
83	87	47	79	76
19	35	31	96	27
88	94	60	12	12
98	11	73	88	39
77	27	51	65	65
30	40	57	58	35
18	72	68	92	38
43	35	48	87	87
38	75	64	96	43
88	72	41	30	60
72	15	62	50	88
93	76	59	81	11
13	57	20	76	16
13	70	83	42	32
61	46	48	9	9
67	22	62	7	72
53	66	65	62	24
93	80	32	4	82
51	11	66	41	62
94	92	89	59	81
60	77	98	78	54
86	24	63	29	71
60	59	79	38	68
71	30	32	45	80
28	6	65	14	18
12	69	46	61	76
64	53	75	72	61
5	89	57	95	54
74	58	49	86	86
47	68	30	91	13
71	20	72	22	22
85	46	92	41	41
15	40	9	78	94
13	68	50	20	87
81	74	31	10	83
19	21	41	72	72
38	77	92	53	25
85	50	71	1	51
80	2	97	68	68
9	48	40	60	60
76	47	71	8	50
68	63	20	69	80
35	68	23	76	49
90	48	1	79	55
81	55	3	66	47
16	81	57	20	20
72	61	78	85	24
10	60	22	34	34
8	63	39	60	43
47	90	65	95	31
79	73	10	36	69
63	16	50	61	47
45	11	31	51	39
12	27	33	25	25
13	60	97	21	66
17	83	58	60	82
85	51	98	5	70
36	93	97	51	47
17	1	16	11	11
55	3	68	48	39
52	95	40	63	63
88	36	77	76	76
67	23	2	50	65
88	77	1	15	89
91	55	93	58	9
72	97	89	98	30
53	96	1	17	54
69	12	86	68	68
56	21	54	13	13
52	81	58	10	72
1	4	11	63	63
31	81	98	27	27
43	4	83	60	71
27	6	98	53	43
26	65	56	9	6
52	11	10	21	99
66	56	8	73	40
77	91	94	36	92
74	99	35	34	34
65	86	79	74	99
88	77	19	89	50
49	56	89	1	44
73	95	97	12	50
7	54	43	22	85
1	48	64	36	46
2	67	70	54	23
55	64	13	85	89
96	8	77	90	41
18	11	62	40	40
58	19	6	63	61
50	57	44	47	47
53	48	59	45	54
17	48	45	85	85
75	39	99	82	82
68	60	9	5	93
65	97	14	89	66
49	85	74	12	71
33	26	21	97	97
15	50	79	56	27
66	3	18	63	81
80	66	62	26	16
21	72	4	28	53
18	70	7	67	69
31	6	89	79	80
19	17	25	37	57
83	32	2	58	80
9	55	10	30	30
59	81	21	91	84
57	12	86	42	42
28	71	75	80	85
65	49	30	46	48
35	4	41	14	6
96	63	75	20	97
10	17	20	3	19
73	68	18	12	12
97	93	73	21	21
76	85	54	19	63
32	75	98	37	37
18	28	45	50	50
71	50	46	22	22
34	77	83	91	90
94	34	4	10	80
12	86	40	2	90
89	9	71	99	68
16	82	69	19	4
82	83	87	69	30
1	79	57	82	30
67	84	31	50	50
67	21	73	57	99
72	5	18	65	65
41	99	46	45	45
44	43	62	16	16
10	22	48	95	27
9	57	59	56	77
97	94	83	51	17
2	65	88	41	74
69	72	77	26	83
40	52	44	48	12
79	73	69	29	74
85	3	75	56	56
81	51	68	12	84
29	48	99	44	44
13	76	30	75	73
85	89	76	28	73
7	48	60	41	45
84	62	13	90	90
51	29	34	61	14
44	62	61	6	6
54	76	12	77	14
25	62	84	64	64
44	52	35	42	54
69	94	83	32	28
59	72	69	62	45
9	31	86	85	58
69	58	87	11	96
46	12	31	49	45
38	2	28	59	59
38	56	57	96	70
14	44	1	8	31
8	15	34	20	62
40	84	42	15	31
56	81	58	63	48
54	62	88	6	6
33	19	4	44	87
80	62	16	30	30
29	41	7	67	16
19	7	10	90	69
30	98	86	59	99
49	26	89	88	88
59	37	2	18	95
97	64	17	50	50
66	14	69	91	99
73	10	94	36	20
46	40	23	97	43
14	97	19	22	33
65	72	82	13	53
80	1	31	7	6
55	45	1	19	48
49	39	2	46	65
8	58	42	80	76
23	16	53	25	8
76	5	8	15	50
47	95	70	48	48
6	97	51	2	2
75	41	15	6	61
47	54	38	96	96
65	72	21	70	6
89	70	6	72	72
64	87	29	52	52
77	91	53	82	15
76	75	25	83	92
34	51	19	47	47
7	90	70	44	95
11	4	45	56	71
64	54	12	4	79
54	29	93	98	24
89	20	95	54	54
35	79	9	37	70
10	52	76	58	62
55	3	59	70	89
8	54	49	25	50
45	6	35	41	26
75	50	62	54	8
97	23	16	86	86
23	68	56	51	54
53	39	37	32	1
31	19	72	70	50
14	24	25	46	73
73	52	82	79	13
25	56	12	42	42
19	1	91	35	35
95	24	58	93	99
71	76	10	45	56
87	56	96	14	77
55	14	25	60	60
72	88	21	78	68
16	94	89	45	98
88	87	80	27	9
48	94	99	19	12
44	95	64	25	23
96	4	59	73	68
8	59	40	18	18
13	29	9	42	42
54	89	60	10	10
92	88	14	83	15
48	31	22	7	18
36	11	31	17	17
80	93	52	97	88
77	3	74	86	27
67	12	77	4	4
91	98	8	26	26
84	2	4	86	86
29	34	71	68	68
60	84	71	44	85
32	7	41	98	98
71	14	24	49	49
54	73	57	1	37
32	40	23	8	31
34	32	54	66	91
98	96	91	84	84
7	97	48	22	22
37	14	26	52	60
80	99	94	24	72
26	79	52	16	15
39	56	48	61	83
89	71	57	64	64
20	96	69	82	70
62	63	42	50	14
29	83	70	92	89
41	68	36	71	99
74	76	13	91	58
47	36	75	54	73
37	39	66	32	32
28	26	63	83	83
68	66	80	12	50
17	51	1	58	50
83	78	67	26	73
93	47	21	91	25
61	43	90	1	78
26	41	70	63	63
82	39	99	20	20
9	68	75	47	4
54	66	31	72	51
86	28	77	1	69
93	96	7	12	76
54	24	96	73	73
91	14	93	85	85
31	64	17	21	21
61	68	49	1	88
65	93	96	86	26
90	92	60	44	5
10	68	36	20	20
90	82	68	11	52
16	35	25	73	17
39	33	17	65	65
37	38	12	16	66
16	86	65	57	40
3	52	1	72	24
5	59	41	70	78
10	44	62	66	46
82	90	78	98	98
6	24	73	42	4
3	75	48	51	84
60	73	96	12	12
59	5	48	23	47
92	7	91	93	80
22	27	17	30	3
17	76	94	92	54
83	77	17	73	50
6	42	99	72	96
76	91	78	74	23
79	62	37	8	8
56	6	53	76	76
89	10	90	25	86
90	35	51	74	56
47	84	73	99	3
18	79	91	95	56
15	33	2	98	98
19	11	2	44	41
33	4	81	85	64
3	97	49	54	54
96	82	1	49	63
64	23	78	92	88
12	46	31	25	25
91	10	12	41	43
21	32	35	1	19
26	78	34	17	17
86	97	46	74	67
72	41	78	53	42
72	32	65	53	14
89	88	95	21	21
8	50	53	86	85
60	9	24	40	40
72	37	74	51	6
55	62	39	68	35
43	21	88	47	75
2	38	93	87	87
82	57	16	96	85
16	2	31	32	21
73	78	33	9	68
79	89	19	60	95
63	24	21	51	69
70	30	80	29	6
7	95	31	99	86
93	65	69	75	97
7	48	46	60	70
16	29	95	10	10
59	77	2	80	80
39	88	1	71	98
24	93	59	32	53
59	52	96	22	22
2	75	59	70	25
69	53	64	83	44
95	40	36	60	60
83	28	34	24	24
95	16	74	96	55
31	18	13	4	87
32	47	60	50	81
8	70	43	45	71
99	8	68	84	62
18	13	60	83	83
58	80	45	73	8
71	22	76	58	67
9	72	19	39	39
36	96	68	37	37
14	80	1	66	66
11	89	85	38	95
16	40	24	31	31
73	81	93	38	87
95	65	83	16	74
49	54	52	45	19
64	88	21	27	27
98	30	11	62	62
51	71	79	92	2
39	1	91	72	73
58	1	60	36	40
33	25	63	58	54
97	15	88	73	63
79	81	2	90	24
78	75	12	81	33
97	12	49	17	17
58	53	61	23	57
3	99	93	95	16
17	30	64	83	93
27	39	93	95	96
21	28	20	36	63
29	33	9	24	3
12	49	11	81	81
75	37	42	12	12
6	87	36	65	95
97	27	71	61	61
76	45	91	41	23
72	26	39	49	37
21	98	24	17	17
58	46	19	14	14
7	15	35	65	25
59	35	36	5	57
94	26	59	6	6
73	19	69	80	92
55	47	83	68	85
34	41	92	2	2
84	63	12	5	5
63	70	69	11	30
86	46	88	17	78
39	84	89	94	98
57	69	16	67	46
2	14	26	55	3
30	49	18	50	50
41	1	76	49	64
91	17	85	68	63
81	96	80	82	82
9	83	41	81	67
7	53	65	35	35
30	65	55	54	77
77	7	22	4	4
98	77	6	72	45
30	82	29	97	97
69	28	97	72	72
11	8	47	17	76
4	96	75	51	74
98	27	41	12	12
65	54	81	69	13
57	93	40	25	25
46	52	98	87	87
35	93	11	96	77
88	53	62	10	81
54	17	51	4	4
85	69	99	96	39
68	74	39	73	16
9	67	92	96	51
72	9	54	68	88
82	28	55	39	32
72	81	61	43	49
67	61	32	21	22
31	34	14	27	10
76	97	11	81	77
12	79	52	22	22
90	7	31	85	85
76	74	11	66	97
34	78	84	33	33
91	6	54	63	98
74	23	17	97	97
67	79	56	97	97
62	95	64	86	11
89	6	37	98	82
32	82	8	58	58
55	18	37	92	92
33	61	14	8	8
48	25	59	65	1
19	94	80	74	4
61	27	7	21	44
25	52	7	79	50
94	77	84	23	36
23	71	65	78	84
45	79	1	90	90
77	4	93	30	96
99	75	41	94	6
55	54	39	4	70
56	80	71	63	15
8	53	57	49	28
67	25	71	84	80
13	50	59	55	39
69	57	32	63	7
10	86	84	44	64
66	92	35	60	60
93	88	45	96	25
17	51	32	30	74
59	82	57	11	70
53	2	42	57	74
6	85	33	60	77
33	11	63	92	28
47	68	57	25	59
42	79	81	94	94
39	59	19	27	27
34	47	14	28	15
65	90	8	36	58
82	22	4	20	20
9	68	45	57	52
44	46	2	77	68
37	41	66	33	33
85	93	25	28	28
23	84	90	76	76
79	4	61	40	40
25	92	26	54	54
32	74	76	80	11
94	83	89	31	31
91	60	15	38	38
17	87	89	81	44
15	60	52	70	58
82	70	8	29	29
90	94	93	13	4
12	21	84	25	25
89	76	98	33	1
86	40	90	50	50
55	35	27	6	6
14	65	98	41	41
80	53	19	91	91
30	58	5	44	61
73	63	3	38	27
38	3	6	10	10
81	55	61	36	36
78	73	74	30	43
64	45	66	10	43
7	77	43	71	54
33	48	78	68	68
42	84	51	81	3
71	89	97	14	56
71	90	5	82	72
59	72	14	44	44
12	56	62	55	37
47	17	79	92	92
14	7	81	69	83
83	9	46	62	62
96	68	80	33	42
52	34	15	49	51
25	91	40	54	54
83	40	89	90	90
8	97	61	54	98
65	29	16	13	23
49	14	93	50	24
19	71	64	16	86
85	95	30	40	40
65	81	56	94	78
96	43	2	76	77
78	55	96	73	7
72	9	74	95	62
95	57	89	21	82
55	3	29	53	34
45	98	85	90	12
82	37	39	31	3
64	81	3	86	33
88	56	35	50	50
5	31	42	66	59
39	92	54	78	1
71	59	4	10	10
84	51	1	39	39
55	86	22	30	30
3	38	53	30	44
96	53	49	80	79
52	16	20	56	56
69	77	17	33	22
43	15	97	94	9
63	66	22	84	83
58	68	81	44	4
85	63	74	61	14
93	62	10	78	78
94	83	7	84	35
59	83	2	46	65
53	76	61	86	9
49	41	56	28	3
85	75	71	11	46
85	78	43	13	90
61	52	79	17	17
49	69	78	8	54
64	38	13	71	71
65	37	71	10	60
50	76	75	58	58
48	91	69	96	96
13	3	90	79	55
54	72	25	9	70
16	56	60	76	80
3	70	52	80	44
20	28	70	38	53
54	68	62	70	27
63	71	64	1	26
18	73	79	49	49
23	66	35	79	79
92	81	53	14	99
32	2	43	90	5
37	53	68	2	50
80	19	2	76	40
23	72	78	67	63
5	33	24	41	35
80	68	41	1	53
4	89	72	66	48
59	97	87	60	6
40	56	25	71	71
67	28	70	75	75
72	79	82	18	18
41	67	51	19	45
20	73	8	66	22
78	32	74	1	52
96	71	2	45	56
53	3	37	34	41
17	44	85	73	73
88	13	71	96	96
2	27	48	37	44
66	69	46	26	42
12	8	69	5	32
48	76	2	58	89
53	73	36	87	33
3	89	33	99	82
78	14	22	23	23
52	40	23	47	77
6	67	55	74	92
14	98	59	11	68
31	92	72	99	96
54	70	81	50	6
85	67	91	64	17
43	22	73	87	17
98	68	28	70	70
71	26	27	66	66
23	57	58	32	32
59	68	85	63	10
8	20	50	52	53
30	99	80	28	17
28	12	78	87	87
56	84	77	35	76
77	97	92	5	91
95	50	98	23	47
69	38	43	13	90
42	93	65	41	79
58	93	10	46	35
1	52	81	41	86
57	39	87	17	68
4	93	75	77	95
55	53	20	29	62
22	94	90	50	50
93	91	28	59	92
15	71	19	57	1
21	68	58	35	47
38	66	62	36	2
60	69	5	80	41
84	64	28	80	56
31	81	88	90	10
14	74	18	28	28
75	17	81	87	12
44	35	12	31	3
77	18	53	68	68
48	27	41	56	2
43	61	8	53	53
40	41	45	89	89
68	56	2	72	72
69	44	85	8	73
88	76	47	40	93
76	93	30	80	49
4	95	17	52	52
64	63	26	70	70
73	52	14	76	55
10	76	1	81	81
70	62	8	6	1
58	77	55	53	6
29	60	92	88	6
70	88	17	90	90
15	75	74	33	76
53	20	99	55	83
94	70	65	38	67
88	44	66	93	6
44	52	58	73	20
51	62	40	64	2
50	15	56	64	64
77	50	12	87	95
99	85	62	53	14
48	21	85	45	45
63	20	31	73	7
11	7	46	79	79
20	39	86	92	97
45	19	70	56	56
90	49	7	89	56
41	50	37	44	4
91	59	39	52	52
39	34	48	7	30
8	28	16	97	27
5	26	58	4	4
33	18	92	72	72
31	75	72	4	55
12	73	62	77	43
42	52	56	80	89
84	5	94	72	42
83	39	90	93	93
81	69	77	49	49
6	48	53	80	71
45	56	30	53	8
67	3	78	88	37
26	1	75	79	59
43	62	45	2	40
59	88	68	4	57
15	51	90	94	78
68	59	91	11	11
2	72	35	55	79
10	6	20	46	46
74	89	79	99	22
72	59	98	7	57
39	4	70	67	84
51	6	94	22	22
75	28	70	9	64
96	31	84	89	32
39	92	89	12	98
37	5	39	33	18
2	34	74	45	45
42	3	98	66	94
92	7	29	19	35
45	6	14	71	71
93	29	91	89	64
29	74	95	55	55
23	94	37	41	41
43	72	2	82	82
46	85	80	79	37
67	54	81	83	18
23	45	63	88	83
53	88	58	70	99
44	51	98	78	99
15	61	77	48	78
93	10	44	72	90
46	65	3	58	32
88	47	64	4	4
48	99	34	45	45
24	51	46	13	63
31	51	85	91	42
92	25	6	87	96
6	71	15	82	12
35	26	52	34	20
97	60	67	59	86
77	13	24	86	86
32	35	17	5	31
90	70	8	47	47
9	4	69	11	11
6	41	15	51	47
43	44	45	91	55
69	95	42	89	17
93	74	65	22	91
21	2	49	34	34
16	45	98	1	1
15	7	2	37	14
97	21	51	93	92
50	75	56	79	30
78	97	89	50	50
57	5	36	58	33
51	61	42	35	3
81	78	51	58	98
99	3	84	73	47
87	20	59	84	95
38	42	12	56	83
95	41	36	34	34
13	79	85	75	75
16	21	26	27	27
70	73	15	60	58
94	36	68	3	96
71	74	72	17	6
45	5	80	50	66
83	81	95	12	12
63	65	80	82	22
31	93	79	55	35
74	85	64	35	35
76	73	81	6	25
92	11	71	75	60
13	54	39	23	34
95	77	71	24	90
56	58	26	54	21
10	88	92	36	26
84	90	68	40	6
63	99	11	46	46
69	85	65	10	56
48	8	69	44	62
24	2	89	85	69
71	73	47	17	62
49	34	27	95	40
81	2	44	91	3
93	83	3	47	47
4	26	82	5	18
72	7	94	80	50
91	83	37	21	21
25	79	68	36	36
39	13	81	92	90
39	26	72	64	18
68	92	56	98	98
33	5	92	83	78
62	75	68	2	24
24	95	38	35	14
59	3	71	50	39
63	74	88	45	3
63	14	58	83	83
28	21	84	97	9
88	18	45	20	20
80	95	60	66	8
94	21	47	72	72
92	23	9	73	73
67	54	34	37	37
90	75	15	6	54
86	70	29	97	96
89	8	15	85	85
20	57	83	19	19
55	15	40	56	47
85	86	15	53	64
18	4	17	36	36
18	40	90	92	92
5	67	11	25	25
24	86	31	80	80
37	48	84	6	6
87	47	20	62	62
32	51	60	42	27
46	78	94	5	74
80	52	49	69	5
70	24	68	39	39
44	36	5	27	35
66	64	60	30	30
46	49	43	33	9
71	67	3	11	26
61	76	39	7	7
94	16	39	93	30
74	24	11	96	57
22	41	44	64	82
80	72	17	11	11
39	30	64	52	52
81	57	90	95	19
77	73	26	6	6
49	62	23	77	61
48	26	44	5	54
56	29	88	27	36
15	90	59	12	12
21	57	63	50	1
92	85	84	40	40
31	20	49	45	45
58	88	6	38	38
46	42	50	66	3
12	23	59	30	5
46	74	15	16	16
50	51	96	7	7
39	96	33	81	68
15	91	96	87	44
33	78	99	36	13
9	90	16	15	81
48	20	90	97	97
27	10	81	62	62
13	58	76	47	47
80	28	15	54	74
82	87	90	19	4
46	12	65	54	54
51	8	46	71	76
25	79	23	70	70
32	29	66	77	77
5	3	99	85	41
43	96	15	59	59
2	19	53	45	46
78	17	55	49	49
89	98	21	78	63
79	95	9	54	75
80	68	50	58	8
23	2	89	86	86
72	83	91	27	96
80	13	37	82	82
49	35	10	45	32
99	77	78	2	2
72	48	47	5	5
25	16	5	26	64
51	81	65	72	13
92	73	93	25	25
31	54	6	72	71
79	9	68	65	65
86	17	84	98	98
60	29	50	63	68
98	8	36	82	94
47	82	69	8	64
36	98	6	80	92
8	4	25	31	42
1	26	33	92	92
25	57	35	27	27
96	22	18	24	24
55	67	68	18	50
47	37	65	16	16
68	7	74	56	92
12	81	52	85	97
69	33	24	92	82
94	10	1	90	96
9	48	73	25	74
63	77	57	16	66
83	72	15	17	17
35	90	49	6	6
14	30	69	97	97
55	90	5	81	54
81	27	24	21	20
94	29	66	37	86
89	9	87	2	2
84	5	73	4	43
83	66	14	58	12
75	63	82	76	76
9	42	97	4	4
28	19	3	27	16
36	57	91	90	90
90	67	25	91	99
92	35	48	11	11
27	91	75	95	33
91	54	5	74	64
78	88	44	92	13
66	89	1	91	94
98	40	28	74	74
4	54	66	46	73
49	48	64	79	65
75	67	86	69	17
9	3	84	13	13
25	86	8	78	85
62	20	5	60	60
47	15	33	14	23
49	79	64	47	1
59	76	90	2	2
61	84	26	69	36
54	44	38	9	53
81	24	90	84	50
77	55	94	71	71
53	38	41	33	3
58	25	46	27	51
86	29	92	87	69
99	39	34	29	50
77	33	78	80	4
64	84	95	72	15
81	52	54	37	91
98	14	41	89	94
33	73	74	10	10
40	37	93	67	2
4	18	70	30	80
44	29	15	35	35
2	70	87	85	23
86	85	11	2	2
38	97	2	15	15
64	49	7	83	91
82	62	75	83	83
27	30	98	13	90
79	61	93	85	56
64	1	55	60	15
84	14	94	80	52
12	10	70	25	25
27	60	96	37	37
45	17	90	83	86
69	61	6	35	35
76	85	78	94	94
44	63	45	5	5
41	92	5	76	76
33	29	7	23	61
77	14	68	8	8
90	21	98	51	97
43	74	14	65	77
63	82	88	27	85
77	14	57	56	69
74	67	43	13	64
65	71	5	57	30
26	68	67	79	81
50	89	77	78	78
31	62	44	51	1
13	1	55	64	65
55	35	73	28	28
97	12	63	7	7
72	46	94	90	90
71	13	50	17	16
77	78	85	19	53
86	89	61	69	19
99	54	41	47	34
71	10	55	97	88
56	80	73	58	43
31	53	99	90	40
59	42	61	55	17
89	26	27	83	83
63	67	19	60	49
4	45	64	37	69
44	21	16	72	72
98	54	80	70	4
39	74	22	43	41
45	4	27	49	98
68	89	11	77	55
50	45	65	74	6
21	67	81	71	85
31	58	44	63	72
32	42	54	25	25
14	51	99	72	96
82	92	65	73	64
15	45	92	81	81
71	57	86	62	9
7	19	60	59	62
59	79	2	40	87
51	61	31	1	42
45	96	5	16	16
50	94	21	32	32
20	10	14	22	22
93	44	59	61	61
5	65	14	82	97
45	99	66	35	69
45	61	34	3	67
10	31	25	32	28
44	40	43	62	8
83	15	72	17	17
36	82	12	91	91
62	15	39	65	68
52	35	48	47	78
3	77	94	89	27
16	72	71	67	89
8	36	78	39	70
99	79	11	93	48
10	61	34	71	73
32	40	57	30	55
69	75	71	34	78
41	45	44	8	57
74	78	52	70	70
73	78	13	96	96
54	73	59	2	91
78	12	70	58	91
5	43	58	89	87
11	71	82	47	89
11	75	93	7	53
5	82	13	41	41
45	56	72	10	63
71	48	92	89	12
4	67	36	88	20
37	78	3	35	35
71	37	24	43	43
59	71	57	56	15
51	8	27	5	41
2	85	35	81	81
46	74	59	20	20
40	58	14	48	59
26	23	32	38	78
70	47	7	98	93
99	11	89	39	70
99	93	48	75	9
93	89	85	10	32
85	90	3	73	56
70	43	84	49	49
71	81	20	77	3
69	17	36	2	2
6	75	8	90	25
78	9	63	84	45
67	3	30	85	88
90	5	96	41	71
26	99	23	53	6
90	86	22	18	58
84	4	30	55	88
31	46	1	77	84
77	73	10	35	66
73	98	44	23	23
65	19	45	5	54
14	77	21	88	88
92	94	18	22	13
80	59	89	95	19
27	17	20	7	83
80	33	34	14	14
62	64	6	82	87
35	1	6	39	39
64	96	56	85	85
95	28	41	81	16
84	70	13	97	24
77	63	82	17	17
31	34	41	52	1
16	3	57	49	58
67	71	49	64	96
27	1	70	67	93
50	48	79	59	59
24	84	14	91	91
79	10	19	74	74
34	52	46	77	37
89	74	36	84	8
78	62	68	20	20
2	14	80	24	9
97	26	54	43	43
76	50	43	25	18
68	94	66	5	64
57	19	14	37	37
94	69	47	90	9
2	95	88	72	8
22	51	33	98	98
64	12	82	52	28
75	63	73	97	97
50	52	49	31	13
78	66	6	77	25
81	98	34	27	83
84	71	97	55	8
61	44	31	27	27
37	14	58	35	35
6	62	60	97	84
21	6	38	78	61
80	84	3	68	68
16	14	50	38	22
4	71	78	24	69
66	5	76	57	39
1	66	86	28	80
84	74	33	82	87
11	35	53	41	13
39	82	51	2	78
84	23	35	47	86
2	21	77	86	86
15	57	47	10	10
37	81	32	5	88
88	17	62	90	64
62	6	47	68	60
40	2	59	91	93
23	48	30	24	35
25	64	86	68	68
27	83	37	9	22
28	60	41	77	61
68	71	23	63	57
37	77	32	73	6
55	63	70	21	73
98	43	20	82	47
80	64	44	98	98
80	61	38	78	11
29	22	7	24	26
59	36	78	52	9
42	82	86	14	91
43	48	7	3	3
3	11	94	93	96
24	19	77	7	94
80	71	23	77	58
10	93	3	58	56
45	69	47	54	32
26	77	34	71	2
8	83	67	74	41
7	76	64	14	14
66	73	92	19	83
6	83	52	42	1
99	55	13	73	96
28	26	94	56	56
92	61	42	13	45
82	6	89	67	67
34	64	81	11	16
21	69	91	88	88
22	62	66	49	65
23	85	59	71	82
52	88	79	43	8
94	83	70	49	74
98	29	70	34	85
87	70	62	19	80
29	10	67	74	72
92	83	59	95	41
2	94	54	20	82
87	4	45	14	14
13	7	9	58	87
73	16	52	95	95
38	30	59	58	3
67	31	40	45	79
90	51	54	99	99
56	80	79	27	41
69	88	46	71	5
17	1	55	60	65
68	13	33	58	58
32	21	35	69	10
35	8	32	75	75
48	62	93	76	76
86	51	48	79	3
65	84	91	51	9
30	73	87	97	97
72	93	17	73	75
49	76	91	79	79
68	66	63	4	4
77	67	70	25	4
40	29	2	19	50
14	59	50	67	74
9	49	7	15	23
77	7	90	88	29
76	62	74	14	44
36	76	51	47	47
32	20	13	49	70
12	49	73	77	77
58	51	83	97	97
70	30	8	66	75
48	27	49	24	73
78	6	7	52	76
36	43	6	63	59
23	65	69	13	13
13	15	25	7	84
30	47	17	96	96
73	49	95	22	85
84	23	6	98	45
15	47	67	59	58
30	24	44	38	2
25	18	85	2	2
13	66	94	91	57
62	84	35	3	77
63	37	59	77	77
81	57	61	64	15
32	30	51	81	81
51	25	69	5	86
75	1	79	94	36
86	84	32	92	78
85	40	89	1	55
32	83	23	1	31
70	86	26	3	88
24	10	98	18	18
84	52	62	9	34
11	91	98	51	76
33	58	50	75	75
51	4	60	64	25
68	52	37	24	24
51	90	12	15	15
15	65	49	69	54
8	1	82	17	65
59	60	44	50	50
19	17	55	65	45
6	67	55	82	96
81	10	62	63	57
18	39	84	69	80
66	84	34	80	80
71	44	17	48	48
76	95	13	97	97
69	86	70	1	1
48	51	52	47	61
46	51	4	68	47
2	87	32	36	75
71	95	88	27	85
6	30	53	65	59
37	62	17	31	31
43	40	7	34	87
66	49	12	59	75
68	75	32	63	28
79	69	94	19	78
13	86	11	62	62
3	70	42	88	88
1	23	64	72	59
91	93	73	29	90
46	98	86	37	6
4	67	69	44	44
27	10	59	55	55
83	7	89	37	72
71	42	61	7	80
49	52	18	16	16
54	45	89	25	25
49	32	44	71	65
42	70	53	7	59
88	23	71	72	67
44	17	7	1	1
58	48	2	12	57
76	52	21	80	83
6	39	22	73	73
13	79	98	93	37
3	27	75	91	91
94	54	14	59	59
49	72	82	26	40
96	79	35	8	97
94	11	75	79	79
71	19	90	75	99
16	56	79	87	95
92	53	22	98	95
77	33	91	87	87
28	76	1	59	67
41	18	11	2	52
24	95	14	26	26
96	65	87	19	78
75	87	83	84	84
83	59	7	67	54
70	39	79	92	2
15	17	7	48	48
51	93	80	58	58
66	4	10	47	47
69	97	67	24	24
76	61	66	7	7
44	96	22	14	37
81	79	33	88	91
50	44	48	56	56
77	19	58	70	70
32	51	34	97	90
85	74	49	96	8
4	23	99	70	70
90	94	98	76	76
18	17	32	64	31
13	25	45	30	30
38	15	7	72	76
27	32	31	10	35
39	3	96	10	21
45	85	91	78	13
88	83	9	58	18
86	19	88	33	75
56	75	4	73	98
94	98	38	72	30
10	61	53	68	81
11	77	8	18	18
12	17	58	71	71
2	54	40	35	37
16	42	43	10	10
9	43	44	17	86
28	37	73	7	89
34	57	61	17	17
27	4	17	50	97
6	60	67	90	90
23	24	33	45	96
19	55	54	40	66
8	64	29	25	94
86	11	26	43	43
82	26	57	28	28
69	99	86	46	20
44	89	96	95	18
88	55	61	8	76
50	66	13	69	48
91	54	12	68	84
11	39	37	28	28
10	76	69	83	41
85	1	24	50	29
96	80	30	17	95
95	96	17	7	97
5	43	34	80	86
28	79	46	33	33
61	50	5	56	56
31	51	42	6	56
27	22	7	91	47
94	97	48	72	10
93	55	49	64	64
80	58	83	69	69
22	74	23	31	31
54	57	39	16	62
92	70	94	34	34
3	38	21	42	31
59	62	11	47	73
81	65	51	50	2
13	38	94	84	95
84	81	93	17	17
77	15	2	72	71
62	70	78	79	26
20	95	58	23	23
10	87	51	96	74
29	91	76	4	85
14	96	67	33	33
23	21	33	24	24
57	41	72	51	51
45	52	6	63	41
90	42	92	18	94
55	98	21	68	68
51	43	61	64	64
24	33	30	1	14
3	60	24	71	64
97	84	75	98	98
63	20	83	76	76
7	46	40	32	32
82	77	89	22	22
72	27	64	79	99
39	88	1	78	16
53	22	88	60	75
50	22	68	45	45
78	19	75	85	55
97	93	4	42	42
9	88	17	23	23
46	17	86	77	77
96	79	93	28	76
36	9	61	75	42
22	2	67	58	58
8	43	79	53	53
87	48	97	18	98
63	82	50	67	41
93	95	94	26	55
30	55	75	66	66
46	10	42	56	77
46	55	70	1	1
97	19	18	82	82
62	9	58	28	65
54	35	83	22	43
80	86	67	16	57
79	69	61	4	4
49	71	26	33	14
38	52	9	11	11
64	71	72	43	17
97	95	51	65	65
99	55	18	98	81
41	15	38	28	28
13	28	33	92	70
93	95	51	62	8
94	85	58	47	1
38	44	31	74	69
71	67	88	86	24
39	93	76	61	94
3	71	55	33	60
6	81	88	72	35
88	68	33	7	70
27	84	70	90	95
90	1	73	60	49
13	11	82	4	4
45	72	2	96	96
97	2	98	51	51
87	50	7	83	55
48	56	33	89	77
67	9	78	68	68
73	63	2	77	22
27	39	24	33	3
25	38	34	82	82
26	45	87	46	46
81	95	4	42	42
86	69	94	8	8
34	89	19	73	73
24	85	59	20	91
42	5	51	35	59
78	22	60	51	50
60	8	68	50	79
60	4	88	13	78
40	8	55	98	98
49	21	81	1	1
92	1	32	64	90
65	51	9	59	94
47	34	54	98	98
72	26	7	64	76
75	81	94	40	4
72	51	62	7	85
58	96	60	69	36
22	6	70	69	76
77	4	23	5	5
11	20	48	76	76
9	7	93	29	45
20	99	63	67	30
37	76	8	73	73
42	2	80	44	81
52	88	97	12	12
2	36	61	56	92
18	46	35	57	57
32	62	3	42	42
37	60	77	1	1
36	56	68	9	71
73	69	91	44	2
35	85	15	82	82
69	48	37	70	70
56	80	27	78	78
86	27	88	24	24
53	52	20	80	84
22	55	52	48	48
77	22	29	9	84
74	21	88	92	64
2	76	92	48	64
36	39	87	26	26
30	85	87	74	75
24	78	80	13	54
34	20	74	11	3
87	66	63	35	37
1	66	76	98	56
7	77	56	94	2
83	85	29	8	8
2	80	44	11	25
87	63	67	93	93
94	81	37	3	76
97	37	2	31	31
30	79	51	81	81
31	14	93	84	84
46	71	35	78	78
27	61	7	59	50
46	99	41	77	97
80	10	74	81	28
83	41	11	84	94
95	86	7	60	58
24	90	22	43	43
7	94	61	20	75
83	6	17	72	72
92	59	4	21	21
36	71	2	9	9
95	26	83	99	70
32	9	54	66	67
55	42	54	3	20
80	57	62	32	32
83	84	33	18	4
80	50	49	41	57
95	89	94	58	70
46	23	26	78	78
96	97	72	42	42
71	63	58	43	15
46	20	36	64	5
22	80	68	97	97
83	10	82	34	70
59	11	89	66	75
68	26	35	9	9
84	83	76	51	51
17	76	65	94	81
89	52	21	58	79
18	91	78	1	88
39	63	74	75	75
52	40	88	59	59
82	4	31	61	79
92	12	14	6	6
45	78	7	94	31
24	41	89	93	93
92	50	99	3	62
76	60	1	81	75
87	49	75	85	85
30	65	32	49	62
49	44	23	45	45
44	52	77	18	14
90	59	7	82	37
90	91	50	26	26
55	23	52	61	35
41	93	85	78	9
50	59	1	37	33
86	22	16	33	33
65	28	73	38	27
9	56	58	32	64
50	10	57	71	71
79	86	71	18	58
85	4	15	84	79
1	43	87	58	75
63	1	44	73	41
77	68	71	51	18
90	98	11	92	7
13	88	53	72	77
68	94	30	53	46
39	5	78	57	86
56	41	72	28	28
69	68	72	12	31
90	36	39	49	59
94	20	77	42	42
4	39	98	41	6
83	63	94	66	12
86	48	57	83	67
36	79	11	83	73
23	68	77	86	73
10	42	53	70	65
71	35	97	82	28
53	26	52	95	96
92	39	67	61	54
98	12	73	34	34
13	68	94	54	92
78	37	5	61	61
31	11	94	92	92
55	43	35	1	34
96	84	40	95	93
74	95	12	51	51
87	48	47	14	14
84	96	57	13	13
51	81	59	5	62
1	82	61	88	35
30	88	38	73	73
95	67	6	74	61
33	54	46	76	76
47	35	4	72	6
40	17	48	3	45
98	91	86	65	65
85	9	28	47	47
52	30	63	92	35
81	12	64	10	10
57	73	3	97	8
17	6	68	70	70
34	48	78	47	47
74	76	95	26	92
53	77	14	94	86
94	38	24	45	45
25	97	44	91	91
38	80	70	2	56
87	47	37	91	72
58	29	50	18	87
86	77	76	28	28
87	70	71	43	5
51	38	24	11	66
25	83	2	49	9
21	89	71	64	85
40	98	61	33	1
79	91	12	98	34
69	34	59	77	4
90	96	54	46	46
56	68	99	18	18
51	41	45	4	24
41	48	23	97	97
35	53	45	99	7
57	74	61	17	79
64	22	62	76	79
15	4	73	71	68
51	59	91	70	4
89	87	17	77	48
83	16	98	3	79
15	20	95	10	13
81	57	70	61	13
70	6	80	31	71
54	26	94	5	5
9	28	5	85	47
26	50	1	29	47
67	62	64	21	46
41	31	46	10	40
66	21	74	91	41
14	69	45	82	84
10	76	68	50	87
11	67	85	14	14
9	53	74	28	28
2	90	3	91	46
65	49	8	14	14
37	62	77	92	92
63	70	91	65	65
1	30	38	65	64
63	3	66	22	53
11	56	35	76	76
21	96	57	94	83
47	91	70	97	97
27	7	98	14	14
87	95	8	71	48
4	71	38	58	96
29	50	48	95	32
39	17	35	20	20
77	60	55	90	6
84	67	11	35	56
20	83	77	75	54
18	38	97	32	16
79	2	75	39	39
95	11	56	76	80
27	16	71	93	84
83	75	42	15	99
37	56	75	2	82
99	29	18	2	70
88	78	69	18	65
80	36	78	15	76
98	5	99	72	38
52	89	8	96	76
40	37	70	87	1
87	14	68	52	52
38	59	58	57	66
82	45	94	73	31
62	97	25	11	38
63	87	18	22	79
95	65	50	79	2
24	64	22	4	16
74	85	53	12	79
26	81	67	25	25
91	51	95	63	1
69	14	66	95	83
51	16	24	89	89
7	77	37	30	14
25	21	16	4	27
25	29	22	3	35
23	72	53	88	88
36	85	82	26	26
59	74	31	21	21
26	62	47	25	42
99	40	13	15	15
55	30	66	73	73
54	49	11	51	66
5	66	52	53	44
40	5	72	9	9
92	19	63	48	12
43	75	3	82	97
89	1	26	40	38
61	56	6	57	81
79	41	69	97	93
21	34	28	5	5
58	75	28	35	74
6	21	83	75	12
67	80	25	12	12
78	23	9	61	61
19	57	52	35	72
97	51	94	59	5
2	57	40	59	59
32	51	77	33	59
62	43	94	31	4
6	96	19	59	59
41	61	89	21	21
42	95	7	43	43
46	66	2	55	35
82	43	97	41	99
94	53	70	89	12
35	1	99	78	14
14	52	91	75	95
87	93	69	3	3
88	35	42	51	12
40	13	27	32	32
82	84	24	64	1
98	87	64	83	19
36	33	24	30	28
90	65	55	24	24
89	56	50	35	19
54	95	4	50	50
97	56	93	94	45
80	42	94	93	20
74	21	36	93	22
95	85	72	11	55
8	76	32	79	66
56	50	87	70	1
25	91	74	79	79
73	62	11	9	9
49	47	36	11	13
54	94	78	29	29
88	34	71	95	95
98	79	22	34	89
46	50	51	37	95
11	78	64	86	23
49	64	29	2	54
94	15	69	7	7
43	6	69	62	62
65	28	30	11	11
17	94	78	81	63
30	68	81	28	28
45	47	30	4	20
51	76	47	5	5
43	89	9	80	97
30	86	1	81	35
50	21	49	33	33
17	23	12	68	68
56	94	8	99	64
24	90	30	47	12
81	70	16	78	78
92	79	57	71	9
49	81	17	73	13
97	5	73	16	16
53	26	79	80	80
12	20	64	93	43
46	1	75	81	43
23	70	5	68	59
65	40	66	3	33
40	50	44	6	28
67	71	62	86	50
88	92	38	63	63
32	7	80	8	92
5	33	56	54	35
63	23	52	80	80
7	65	48	66	12
20	96	85	66	81
92	71	24	30	69
3	16	27	36	36
41	28	31	16	54
10	69	58	88	88
49	14	32	21	57
12	48	45	65	61
83	89	19	69	64
10	71	96	75	66
88	12	59	78	78
30	62	89	37	82
89	3	81	17	86
76	20	15	48	7
44	3	75	42	70
44	15	51	57	57
86	33	78	79	2
13	85	75	78	43
82	9	75	94	39
82	19	30	60	60
7	85	97	34	33
27	41	15	12	31
73	70	11	81	41
18	59	53	91	49
33	31	70	79	18
5	88	91	27	98
89	83	12	34	85
16	82	1	71	79
89	6	62	22	53
83	17	28	38	43
39	62	45	76	69
14	25	83	44	44
93	79	26	89	4
65	9	80	96	63
23	71	76	61	81
89	2	70	91	91
9	69	72	29	64
30	49	42	25	19
57	38	26	2	36
84	47	45	71	71
71	22	41	56	56
15	62	60	49	49
65	78	93	72	45
28	18	9	52	12
59	63	17	18	18
46	38	37	9	9
92	97	90	44	44
47	7	96	76	64
34	91	58	70	70
53	58	87	67	67
49	30	25	31	31
89	50	14	53	84
15	28	68	48	48
18	90	65	51	36
39	6	8	32	34
25	52	51	54	10
5	31	66	8	69
66	82	60	32	79
15	9	42	90	90
48	16	78	95	85
48	96	70	50	50
35	82	58	23	23
66	11	37	5	38
10	68	93	96	51
93	90	25	83	6
34	1	43	92	92
38	23	35	41	7
17	71	46	99	94
1	95	84	64	64
59	87	9	83	10
94	44	12	68	68
17	27	62	58	58
69	62	55	70	23
94	35	36	88	28
92	39	5	53	53
61	95	32	57	93
66	42	19	23	95
97	25	48	46	87
96	98	18	57	57
73	79	9	20	36
89	98	24	36	36
78	99	75	13	71
62	3	29	79	73
30	45	89	52	34
63	57	81	13	68
82	45	87	97	10
46	2	42	52	20
84	26	52	71	90
47	51	29	90	90
1	66	80	42	54
2	70	37	49	49
18	66	16	32	94
68	78	44	83	83
90	15	6	74	75
87	93	49	14	78
34	50	76	65	35
68	97	81	82	54
13	80	70	46	62
45	17	13	23	52
32	82	48	6	30
76	11	40	96	96
12	95	31	49	49
70	23	60	44	90
72	11	84	12	36
92	90	71	91	34
70	44	62	38	48
24	42	16	91	65
58	92	5	52	84
24	32	45	79	92
27	7	21	32	32
9	96	57	94	59
96	23	62	87	49
59	18	33	54	91
46	63	40	58	62
70	72	10	98	74
71	18	52	5	56
71	85	97	24	24
76	10	38	92	90
10	43	34	49	74
68	7	82	47	63
94	81	67	63	63
94	39	61	96	1
32	77	73	99	99
71	92	26	98	85
68	70	60	86	13
26	18	65	13	28
55	84	86	53	10
75	4	65	46	89
56	48	23	11	11
28	4	47	68	50
60	57	19	54	6
24	77	4	94	94
82	34	9	75	73
26	79	5	29	49
43	91	80	87	87
63	65	3	92	62
82	79	88	22	59
82	60	99	96	20
51	98	3	24	29
34	93	15	67	67
54	16	34	49	49
40	30	7	35	29
44	63	26	69	69
38	27	86	61	39
35	24	58	57	53
7	93	40	79	81
52	44	92	86	45
63	65	25	73	68
72	56	57	61	61
20	65	76	37	4
28	17	49	24	76
81	76	31	2	59
64	53	89	71	5
91	15	65	77	70
94	88	74	52	52
13	86	25	28	41
41	16	67	10	92
56	97	18	3	31
88	65	97	11	11
3	74	68	58	97
53	69	43	74	81
48	12	76	2	2
97	35	78	86	70
58	63	31	71	5
38	57	29	56	56
96	92	3	13	13
60	58	11	90	93
78	75	17	68	2
94	4	75	28	93
54	76	74	85	49
57	81	29	91	91
80	7	67	73	34
95	90	34	71	71
96	69	93	76	85
86	7	72	76	38
34	21	26	61	58
89	70	27	96	87
55	21	71	26	26
37	89	42	85	14
99	11	97	7	29
45	83	56	39	39
14	99	7	6	27
18	1	6	17	15
90	43	7	72	79
46	32	8	55	48
27	24	12	11	11
40	50	70	60	5
1	64	74	6	6
72	29	40	58	61
45	54	99	92	92
58	66	15	16	16
53	48	5	67	79
93	90	15	97	2
26	83	82	65	89
77	26	97	95	2
90	18	60	87	69
83	86	23	59	76
12	45	42	56	49
22	83	85	73	58
28	52	35	7	14
99	9	73	52	52
59	56	4	29	43
62	88	18	70	70
14	29	75	20	20
9	88	79	19	23
58	91	54	56	56
34	88	6	14	14
72	10	34	73	60
68	59	12	64	64
71	94	19	81	74
26	46	84	69	66
71	29	72	97	20
80	88	20	16	16
74	67	90	72	72
53	61	32	41	2
9	13	41	4	4
75	83	97	42	3
26	74	60	81	9
95	6	49	2	2
89	7	49	68	96
60	31	50	54	54
30	88	20	50	50
77	44	57	94	31
12	20	9	89	89
30	55	22	89	77
9	75	99	83	83
44	86	91	17	50
4	73	32	79	88
54	8	85	49	49
87	71	91	86	31
61	8	54	93	87
98	88	92	19	54
92	94	22	56	99
93	58	83	81	18
10	65	80	64	64
29	82	22	15	15
34	30	25	83	10
80	56	83	92	65
3	34	31	51	43
76	66	94	54	4
87	15	1	47	47
23	29	49	68	87
79	58	55	75	15
55	3	53	86	94
51	71	50	6	53
10	1	3	17	94
33	93	62	99	99
99	98	27	64	25
1	35	76	87	65
76	4	14	9	54
96	11	56	10	69
64	68	2	11	65
53	37	34	3	59
52	83	20	28	28
49	37	52	10	59
83	44	77	75	15
78	25	97	80	91
14	72	80	93	18
23	49	24	91	54
7	20	36	83	60
3	47	60	61	61
75	83	54	40	40
20	50	52	43	51
97	88	75	15	78
95	22	97	77	77
4	53	84	56	67
21	35	75	48	48
69	21	94	70	91
1	66	55	72	25
14	71	72	7	7
38	8	97	93	79
32	56	26	74	74
91	15	1	37	37
83	30	97	21	19
25	29	62	64	64
29	12	50	15	15
50	30	67	72	72
71	86	28	36	36
3	63	69	43	38
90	62	91	59	59
64	79	17	23	23
96	94	56	71	59
66	87	54	9	72
95	28	61	25	25
82	64	24	70	84
72	17	71	80	51
29	35	48	69	69
78	19	62	82	4
80	56	93	58	21
79	86	73	18	56
34	85	6	79	69
70	40	27	14	67
73	15	62	48	43
7	70	57	46	51
97	85	98	29	56
86	61	74	20	82
61	92	75	65	65
83	82	5	25	90
67	51	13	84	76
94	43	26	24	98
78	81	82	29	63
84	89	80	8	30
17	70	91	77	69
6	64	67	17	65
37	56	70	15	15
3	45	59	26	62
73	29	59	36	36
38	85	27	70	70
26	85	40	67	67
75	64	13	61	87
77	86	34	44	82
40	78	50	36	89
59	80	57	3	95
59	17	46	70	21
39	28	83	12	21
66	70	15	99	99
19	48	43	14	66
4	87	34	14	14
59	52	17	57	43
80	76	5	16	81
31	55	54	5	35
9	36	66	76	76
94	4	42	12	12
70	22	76	78	85
39	98	86	5	81
76	47	16	48	88
12	95	77	68	68
53	41	43	50	39
62	85	60	16	80
79	71	54	41	4
75	98	4	80	49
50	26	77	94	93
47	27	44	81	81
31	4	83	61	82
30	35	91	88	88
27	14	56	5	5
55	27	33	45	37
73	34	75	5	86
35	73	6	74	52
6	72	40	5	5
8	43	38	24	24
48	75	53	11	11
39	38	47	48	48
38	36	20	56	4
76	32	94	54	54
70	14	65	58	45
60	49	8	47	70
4	80	57	68	69
45	22	1	33	49
43	34	93	50	73
13	78	72	86	48
56	92	48	4	88
2	89	42	7	46
92	8	14	13	73
65	75	20	18	63
23	37	19	81	81
81	4	65	80	25
74	27	10	76	71
93	10	52	16	16
78	5	37	36	1
88	46	68	45	50
32	42	78	2	96
73	34	77	14	75
89	20	43	62	57
76	46	86	66	8
1	22	28	41	34
1	48	66	16	16
59	43	1	46	31
68	88	14	32	32
1	47	80	94	94
89	21	44	9	9
6	82	57	40	79
37	93	38	32	32
71	14	46	83	86
40	52	93	69	69
64	79	72	17	54
73	83	9	10	10
8	17	78	84	84
63	43	52	44	44
19	5	99	94	18
88	96	91	89	38
28	43	48	12	4
88	84	92	44	43
4	13	39	70	29
69	40	2	81	57
42	22	60	52	33
52	64	45	8	47
24	97	93	41	76
47	76	92	80	80
4	91	68	85	85
38	24	1	59	59
14	70	61	77	90
47	63	42	76	82
21	25	74	67	40
10	56	3	15	15
73	84	38	41	88
33	45	31	2	30
96	92	12	40	63
11	74	47	99	99
11	83	82	40	77
25	62	70	41	92
11	83	92	95	25
86	26	93	21	21
53	69	64	13	80
68	51	49	75	75
89	42	18	87	87
37	50	97	56	86
66	54	39	60	60
12	96	49	85	82
37	6	7	53	53
17	27	59	65	65
83	39	81	84	85
99	31	44	98	95
8	56	64	66	85
19	66	78	49	53
16	60	73	83	65
1	71	62	69	13
44	79	69	92	80
58	40	97	52	52
82	48	21	6	47
58	60	35	99	1
8	92	28	84	76
77	73	31	78	68
28	45	84	89	70
36	91	31	79	79
73	66	95	85	17
56	65	37	61	61
30	3	33	34	39
86	42	85	6	57
36	80	40	51	57
55	88	80	62	62
70	36	67	95	95
51	4	89	34	34
47	90	43	1	1
81	56	1	29	82
99	96	92	64	27
94	54	9	85	85
94	23	88	27	92
89	81	25	12	14
49	98	62	7	35
27	74	75	17	24
40	34	73	90	50
3	31	64	51	70
98	83	49	3	3
76	75	51	32	32
72	70	75	3	14
76	93	52	95	95
49	38	45	55	40
28	20	22	5	5
76	23	4	81	81
8	49	47	52	24
33	49	8	68	68
48	51	2	20	38
35	13	52	51	44
6	53	22	65	65
97	74	34	58	35
89	57	94	21	50
90	1	67	63	52
93	82	72	96	96
35	6	91	70	89
40	10	62	75	68
59	25	20	99	99
99	34	78	3	92
54	26	7	98	98
44	59	19	15	81
83	80	4	46	46
74	96	48	99	89
79	1	33	98	86
22	57	6	56	56
79	7	46	69	57
59	52	13	67	76
64	66	9	3	65
97	98	88	29	61
28	36	72	52	52
4	76	60	11	93
16	35	43	49	62
56	67	93	49	49
78	7	68	74	42
93	28	25	65	80
68	63	65	54	23
60	36	4	75	62
77	24	58	42	68
55	73	33	94	94
99	70	63	5	5
28	44	69	49	49
86	80	64	60	16
32	87	73	39	39
95	97	54	49	2
76	4	85	28	28
80	40	89	39	62
60	31	23	32	32
83	9	18	10	54
39	48	1	53	69
31	58	45	44	2
49	5	77	72	72
51	73	31	66	4
13	21	95	42	42
10	96	91	56	65
24	33	96	94	66
14	96	53	72	28
3	31	40	68	68
36	87	64	39	39
93	74	86	26	78
95	21	81	68	70
11	63	56	69	42
38	7	54	25	9
91	14	78	61	61
7	5	61	63	40
98	91	76	69	36
68	93	89	77	24
30	40	91	8	8
63	91	85	42	4
95	79	15	87	54
88	84	83	15	15
86	99	10	72	20
94	86	20	84	58
77	35	48	40	40
11	60	98	48	29
48	33	6	41	34
30	66	95	93	97
27	37	2	58	59
4	89	46	57	83
43	28	16	72	36
94	16	15	1	6
99	80	33	46	46
25	12	42	56	76
2	44	58	67	67
27	3	86	78	73
27	44	9	37	5
78	85	28	68	11
46	1	11	40	44
79	27	87	46	46
96	15	98	93	93
96	37	98	93	81
68	39	11	79	29
78	57	51	30	30
12	36	19	63	63
3	50	42	46	18
10	54	56	77	77
79	89	9	88	88
79	17	11	64	54
94	63	7	47	3
56	79	80	11	47
96	4	10	28	28
10	62	79	61	55
84	63	9	50	73
8	17	80	7	7
55	86	34	61	61
26	97	55	13	13
88	20	62	60	3
97	88	56	7	7
48	13	71	26	26
16	90	97	87	87
88	92	82	38	12
32	69	86	94	17
77	92	3	33	33
57	18	64	80	80
3	57	84	98	98
22	19	83	64	64
54	80	30	60	60
51	74	96	84	99
74	68	66	20	20
87	76	13	70	54
20	33	29	2	39
73	7	66	90	55
84	25	82	58	87
73	75	12	76	4
98	85	19	53	99
91	17	97	72	98
58	54	5	62	69
16	98	85	40	40
87	91	65	46	41
43	73	49	65	83
70	61	69	4	18
9	34	80	74	85
44	10	45	32	34
97	96	17	6	99
55	62	18	70	70
40	12	13	97	45
66	78	3	83	79
40	73	99	2	89
60	30	9	47	25
39	87	89	15	82
50	66	15	59	53
65	77	70	7	99
61	46	56	49	49
2	28	9	65	91
86	31	90	67	2
48	83	50	62	62
39	46	23	8	8
51	16	80	93	87
51	74	11	57	62
9	59	63	5	5
21	86	83	42	42
28	44	2	59	50
2	31	37	67	67
95	35	77	26	26
3	97	78	6	36
76	6	87	62	48
86	26	2	63	63
46	82	13	99	99
13	63	64	66	31
45	28	49	2	29
78	86	43	49	49
36	23	17	64	73
61	89	48	98	97
20	38	13	4	66
69	30	84	87	81
54	84	13	71	69
27	18	89	51	51
91	55	89	7	52
45	72	54	62	62
7	68	84	93	93
61	91	5	44	93
88	79	39	9	94
36	66	35	2	65
2	47	39	30	56
49	34	1	35	35
59	99	77	87	71
51	29	85	81	44
31	2	41	83	83
63	15	68	69	85
98	14	95	76	53
24	73	79	18	18
66	93	53	91	12
1	19	73	77	64
59	57	88	95	7
48	95	62	21	21
29	30	67	45	45
66	77	51	17	80
1	62	13	63	15
36	25	70	91	91
98	61	86	11	71
28	74	24	44	32
12	99	86	29	60
68	31	99	67	67
87	85	65	46	46
5	99	20	87	87
15	78	31	96	96
54	41	52	23	4
62	70	91	13	76
51	70	61	6	40
36	86	56	27	28
74	8	66	72	98
49	93	96	94	94
77	38	55	53	61
89	2	82	49	51
24	63	83	89	89
11	95	80	44	44
87	15	93	81	48
12	42	91	66	44
21	76	25	30	30
4	90	42	31	88
42	48	36	56	37
59	48	55	12	39
16	49	80	85	91
10	4	93	36	75
68	28	46	40	40
3	51	68	83	53
74	3	53	23	16
14	41	80	20	65
59	18	2	77	28
54	19	3	96	65
47	84	79	2	87
49	37	91	26	17
45	58	49	4	72
42	60	15	14	66
30	80	59	42	42
71	28	66	7	87
6	87	49	79	58
45	47	76	11	11
82	55	81	45	45
90	1	3	53	6
43	2	30	27	48
44	31	58	55	7
37	48	71	2	76
74	11	58	78	46
72	58	88	18	18
43	32	93	49	49
32	22	35	75	75
65	43	76	72	45
32	44	71	34	34
35	88	77	59	69
59	26	13	30	30
6	62	94	83	83
69	49	20	64	64
80	86	98	60	15
95	77	89	96	96
9	58	52	41	45
91	18	64	82	82
24	54	63	55	75
79	31	10	89	88
82	84	32	35	35
64	69	24	83	84
2	77	49	20	20
62	21	35	40	93
26	71	1	88	81
23	73	80	52	6
20	44	4	3	87
35	58	76	59	59
97	48	85	35	35
56	3	51	48	19
66	62	18	67	6
53	79	15	87	72
72	71	78	43	9
64	70	25	16	16
56	24	60	4	4
9	79	51	21	21
13	72	79	99	73
89	35	45	60	60
36	72	67	47	3
98	27	75	38	33
9	69	6	5	22
76	32	12	55	55
53	81	93	72	72
72	95	29	2	28
91	73	26	51	51
22	63	72	75	83
81	40	3	79	49
12	65	33	30	17
94	50	61	83	3
18	19	13	25	25
63	85	98	45	90
65	26	80	51	78
55	60	82	4	49
6	42	95	69	91
72	8	94	2	2
20	48	95	76	8
49	1	10	54	51
60	69	86	37	37
16	20	8	92	75
5	96	89	64	73
27	93	96	9	90
43	66	76	32	3
8	87	7	37	37
71	74	63	17	87
78	60	99	98	19
10	31	41	68	75
51	42	13	46	40
7	67	55	32	32
79	23	66	80	80
64	54	9	88	94
99	73	6	51	86
2	71	25	79	66
86	1	73	51	51
44	99	25	55	55
57	56	6	24	46
78	29	4	56	59
96	57	7	83	66
73	65	84	76	76
88	75	82	11	41
38	2	56	25	25
33	6	67	29	13
70	16	97	71	71
64	10	62	66	2
72	95	45	28	2
17	88	71	80	21
26	65	98	44	6
4	7	27	37	37
15	48	32	20	20
54	68	93	5	74
83	41	6	69	95
23	93	90	5	83
18	56	32	16	16
64	8	54	53	37
46	82	5	50	84
84	71	46	59	4
48	39	1	15	44
55	54	27	51	11
75	99	11	69	69
89	9	64	38	4
29	68	47	65	65
98	13	93	44	85
14	35	22	77	20
63	6	75	88	50
80	87	23	75	65
72	17	22	34	19
34	53	37	2	60
71	69	8	67	22
50	82	29	3	3
15	73	52	99	89
66	91	76	99	99
25	97	62	89	93
96	30	83	92	92
32	11	14	13	13
93	34	12	46	46
21	9	25	53	53
81	64	18	63	86
13	28	99	35	32
93	2	49	61	80
53	17	81	90	90
25	70	60	34	34
1	53	32	15	15
99	15	2	1	75
66	42	4	57	41
1	38	29	98	60
2	60	36	52	52
10	62	35	20	84
54	58	1	52	81
57	87	42	56	55
81	83	61	46	46
62	87	29	89	90
49	60	53	8	73
97	59	91	7	58
22	93	66	83	83
25	45	58	88	54
56	74	65	53	13
65	80	90	99	85
48	32	71	90	90
5	87	33	97	84
60	57	50	14	41
72	1	81	91	31
39	34	15	44	16
8	24	34	22	22
8	7	13	24	24
20	82	57	81	90
59	56	20	23	89
70	58	14	87	65
1	44	42	69	69
57	75	12	50	67
77	76	33	9	9
66	56	42	8	74
34	2	8	44	66
9	39	62	71	23
16	55	64	38	66
2	72	91	44	70
41	94	19	36	36
48	63	77	47	47
20	66	28	7	17
83	70	2	80	20
8	13	57	85	86
95	90	96	29	65
82	56	90	43	58
32	47	39	5	68
97	86	24	77	79
6	86	43	1	1
51	57	86	17	17
75	84	54	56	93
58	49	17	52	52
49	44	7	22	46
54	59	12	95	95
79	26	19	12	66
62	52	38	79	79
22	3	25	39	40
56	73	90	85	85
58	9	42	40	52
75	57	58	86	86
89	11	96	38	87
78	82	99	75	9
12	88	25	20	90
94	11	71	83	83
69	40	27	20	3
55	3	59	72	72
82	33	75	77	91
2	65	90	68	79
38	65	4	78	78
61	66	9	81	53
89	80	92	53	19
83	46	7	75	36
83	55	57	20	20
30	43	5	60	60
56	62	4	72	35
68	60	79	22	74
51	45	8	40	60
84	92	34	41	41
74	17	51	52	52
86	5	67	57	58
95	94	43	53	11
40	62	60	42	18
7	16	85	26	24
39	92	87	11	98
28	52	35	71	82
92	87	32	96	99
47	59	69	58	13
91	90	56	27	34
10	56	72	65	43
99	14	41	25	25
81	53	20	72	77
37	44	3	4	4
38	20	35	64	90
81	63	2	30	85
9	39	67	86	38
15	81	62	73	73
10	30	26	58	58
24	57	68	64	64
67	63	18	93	92
79	82	83	70	70
78	62	75	24	95
71	27	72	78	67
6	59	54	75	88
73	80	49	72	17
79	96	92	21	63
36	93	71	91	6
42	34	97	67	28
70	75	73	26	50
30	37	18	56	56
24	5	38	49	46
41	65	3	50	75
56	47	33	51	51
79	68	16	37	37
12	77	52	83	94
9	31	49	32	32
87	94	4	31	31
47	73	80	31	31
56	13	48	12	12
71	62	80	86	86
43	47	45	83	79
20	53	17	58	1
13	84	34	15	15
67	83	24	74	88
63	64	20	7	7
12	88	63	56	81
69	19	27	72	88
10	3	99	98	96
64	60	68	25	25
48	17	58	72	72
78	10	74	42	87
30	85	60	42	27
57	35	19	52	50
86	85	83	82	7
82	75	21	33	92
6	97	79	84	85
54	65	81	60	71
19	18	83	71	71
37	84	51	18	22
8	57	19	86	6
22	41	59	60	1
37	25	40	32	99
92	34	45	72	72
25	55	56	64	66
94	93	6	37	70
22	55	82	87	81
55	90	96	50	50
83	37	51	18	23
95	62	45	85	1
81	91	55	4	8
49	20	53	41	2
87	53	88	23	82
97	56	6	80	18
89	26	39	16	88
55	30	43	93	66
23	75	2	84	89
2	25	11	20	5
67	44	12	80	73
46	84	17	23	23
40	92	75	77	77
95	72	58	17	94
84	15	63	74	61
67	11	61	50	50
78	48	66	15	72
72	50	56	9	65
61	28	71	60	19
98	56	20	13	16
81	89	12	7	72
7	74	84	36	75
88	54	42	1	65
45	67	68	64	87
66	6	77	58	42
5	79	88	11	11
67	19	6	50	88
11	1	43	82	82
37	5	65	43	60
22	42	44	76	76
63	27	58	57	8
79	82	75	50	20
62	32	68	55	55
42	52	65	62	13
77	42	35	43	70
66	57	14	47	56
73	38	61	41	41
14	9	45	56	17
60	20	41	50	84
84	8	96	36	36
27	37	19	18	2
34	31	68	75	75
92	73	25	79	82
77	1	81	12	84
15	62	53	96	96
79	83	12	39	44
38	80	83	84	81
28	15	94	53	53
72	23	52	66	66
1	57	61	6	87
85	38	80	5	5
6	28	66	54	62
41	4	36	56	43
82	70	4	79	79
35	40	91	67	67
12	8	3	51	51
67	62	76	7	55
77	78	18	67	48
94	95	44	9	9
88	93	14	85	85
97	55	90	15	79
24	93	72	55	76
31	54	3	56	93
32	68	34	11	50
23	6	14	65	50
88	98	75	47	7
51	8	99	55	55
11	64	56	13	13
4	83	55	88	46
59	97	94	69	22
94	8	61	31	84
42	99	46	74	80
30	82	32	47	92
44	91	33	76	76
70	58	17	65	51
92	68	36	80	80
88	43	97	12	99
39	60	51	34	79
85	55	83	21	21
60	55	23	99	59
59	13	15	90	90
46	4	48	82	84
81	36	2	80	80
88	37	64	60	49
60	63	40	7	75
95	61	30	82	82
4	82	49	99	77
57	62	17	30	64
10	60	44	90	67
67	14	34	11	11
18	48	17	50	73
48	97	6	92	66
54	81	1	53	57
70	64	81	37	10
69	95	9	31	31
89	57	53	86	9
98	15	39	16	22
50	6	56	72	10
97	92	37	95	81
61	63	99	86	6
26	51	52	33	3
55	18	13	83	8
76	3	97	1	22
68	46	71	34	34
99	98	90	37	41
37	97	23	54	54
55	67	4	54	33
45	7	5	84	84
22	4	92	96	86
91	83	36	69	39
12	75	92	53	98
95	6	12	17	17
75	18	69	52	52
54	2	39	63	63
29	58	83	91	32
51	72	79	89	89
19	5	62	70	7
85	44	94	59	38
56	53	11	59	59
52	61	65	9	95
22	59	49	60	60
76	70	10	97	37
97	86	61	82	82
86	6	59	55	48
46	47	4	39	17
93	51	55	72	2
7	45	25	64	64
40	58	88	25	25
17	82	39	57	57
60	70	14	71	1
11	71	21	20	20
87	44	81	93	13
2	19	46	16	16
5	78	1	97	65
63	55	67	36	36
24	53	18	92	99
25	35	63	28	28
14	91	27	9	57
96	2	78	41	30
55	30	54	73	73
60	54	74	90	4
89	87	51	14	73
47	56	77	57	3
10	93	25	62	62
90	55	59	67	67
53	7	23	99	99
91	54	87	71	15
26	88	68	58	64
8	64	90	71	98
17	81	77	50	50
83	5	72	77	27
10	93	79	92	52
79	7	90	65	50
53	44	24	55	78
32	49	35	57	1
76	28	66	54	54
73	51	19	54	82
39	58	49	1	30
4	63	13	45	90
10	66	69	99	44
1	92	19	69	66
41	33	4	66	26
68	94	83	53	8
3	39	30	43	23
36	39	53	49	9
63	12	40	58	52
78	89	49	16	92
74	79	59	66	66
74	80	58	9	9
96	85	42	81	81
60	98	55	8	97
45	56	25	29	29
25	14	15	27	50
35	60	9	73	69
63	36	10	76	73
63	66	7	32	51
17	92	90	44	44
22	8	50	28	28
7	25	74	67	70
19	60	82	18	18
55	38	71	27	75
29	23	18	33	2
34	42	3	30	26
29	28	8	83	33
72	27	66	57	3
74	84	36	6	91
70	21	71	57	57
6	69	21	15	74
42	12	60	49	47
77	72	16	33	33
91	63	12	54	92
8	40	72	80	88
89	16	82	54	54
69	39	25	99	76
22	8	42	53	53
7	33	15	62	21
70	38	86	41	12
53	33	60	45	75
53	37	52	39	11
57	71	81	10	10
28	89	82	87	65
63	80	25	19	19
80	29	28	8	8
90	55	61	51	51
75	42	65	85	85
48	70	64	85	6
36	79	34	95	20
32	15	10	41	67
34	43	39	29	29
33	82	77	61	61
70	21	66	61	55
62	29	34	57	90
42	61	90	62	62
58	91	74	70	10
66	31	7	19	33
60	6	4	55	55
51	45	44	53	17
17	85	76	26	32
20	87	31	85	35
3	46	34	20	44
78	85	44	92	80
30	73	99	33	33
16	43	67	73	68
12	10	42	88	24
59	41	43	10	79
26	7	49	60	30
25	31	91	44	15
88	92	15	40	95
76	19	48	69	73
88	89	95	79	33
96	81	93	17	52
66	90	51	20	20
30	99	4	18	43
2	6	61	35	87
43	41	57	47	31
75	3	86	63	71
8	41	52	47	32
76	6	92	99	42
64	84	94	4	68
85	19	87	91	91
83	64	47	4	63
85	10	91	86	31
76	1	32	68	87
88	2	69	39	39
85	96	71	94	24
1	17	86	42	42
73	8	25	66	71
27	6	3	41	41
91	49	40	24	24
6	61	57	14	14
54	78	17	43	43
76	64	27	50	50
62	40	8	90	90
20	28	24	50	26
38	27	62	15	15
2	51	81	84	40
63	77	70	39	39
55	58	95	23	23
83	55	2	40	87
52	73	51	35	84
58	62	42	91	37
70	62	1	20	13
2	41	80	83	43
92	25	16	93	93
81	60	61	62	62
42	28	11	76	84
76	37	28	73	73
93	31	91	23	23
66	13	75	72	72
98	8	91	37	84
18	59	24	60	60
40	36	7	26	32
72	75	13	80	39
28	65	83	58	58
98	15	57	23	23
25	44	81	41	41
78	4	52	53	59
42	60	53	41	8
47	70	60	85	85
57	20	87	97	96
73	84	4	89	29
26	1	6	38	38
14	65	8	17	92
87	36	85	69	8
5	40	50	23	51
54	10	18	91	21
17	14	2	79	79
59	72	8	82	71
55	67	18	79	72
18	10	64	50	50
33	34	47	29	29
54	67	80	10	59
88	40	27	20	83
50	66	7	38	58
46	78	36	13	13
85	5	36	82	82
9	45	2	15	15
35	67	52	61	57
45	96	98	71	71
55	22	71	91	91
99	75	43	86	86
82	83	68	12	40
22	39	66	60	60
9	80	72	1	1
60	5	56	71	36
72	85	41	3	96
2	82	62	99	58
64	67	79	54	89
71	75	90	19	72
10	97	83	76	16
80	77	97	52	52
7	53	22	58	55
84	63	70	3	69
22	6	38	18	62
75	84	5	2	46
94	42	88	84	10
78	50	7	82	82
20	2	96	92	45
43	70	37	65	65
71	1	16	93	93
93	84	5	50	62
57	35	33	51	51
55	93	39	85	31
2	28	24	20	16
4	63	87	57	62
81	24	82	12	65
47	61	43	63	63
32	37	60	96	96
61	62	21	38	6
56	93	63	95	11
56	33	69	17	22
98	64	40	16	42
12	39	72	71	79
26	55	75	2	3
52	73	33	34	86
7	32	23	15	20
25	32	56	40	38
58	95	88	21	21
72	36	26	46	57
97	41	62	98	2
25	19	8	91	28
47	85	94	49	49
87	82	31	63	63
43	61	14	86	86
30	57	91	10	10
83	69	48	34	36
95	26	83	96	96
71	87	12	41	86
78	53	75	23	74
49	14	75	70	59
62	47	42	71	71
46	57	7	84	36
82	79	18	46	75
19	96	24	75	75
84	95	14	52	52
46	73	9	93	97
29	66	1	52	53
77	11	84	78	27
59	27	2	39	56
13	58	34	56	61
3	55	26	1	54
56	88	21	69	82
25	4	83	70	79
60	84	77	90	90
18	99	90	57	38
72	71	34	44	44
55	26	81	89	89
26	19	15	57	49
30	26	44	70	84
25	21	62	13	13
50	67	78	19	77
74	10	2	78	78
70	56	62	44	44
61	70	66	22	93
3	35	2	67	67
28	98	88	31	15
5	41	64	92	89
74	56	46	11	68
15	85	73	66	97
78	47	84	1	99
57	71	5	49	49
12	78	92	77	7
7	79	71	35	66
91	31	80	26	26
1	65	55	24	24
90	71	81	28	28
60	2	48	19	57
56	16	71	61	57
68	93	40	24	14
76	57	25	75	79
52	37	34	44	44
22	46	55	49	97
25	5	93	59	71
59	86	81	96	17
39	81	33	5	5
99	54	12	15	15
56	97	73	75	75
95	24	96	4	81
75	95	19	60	93
85	12	65	3	70
95	65	98	19	86
68	69	51	92	2
68	85	11	82	82
66	42	17	37	37
3	99	75	77	25
85	16	88	41	24
71	35	19	3	3
40	14	27	82	82
49	5	94	12	12
69	34	61	17	12
60	65	91	15	87
46	78	96	8	70
75	54	59	55	9
54	62	45	47	11
52	56	64	67	67
15	27	96	86	91
94	88	10	34	86
37	60	91	87	87
60	96	87	54	54
97	14	84	45	8
32	29	22	28	62
51	48	2	43	79
70	83	40	28	58
20	48	33	8	31
80	3	85	62	15
87	29	83	6	64
67	70	98	7	73
54	4	53	51	12
86	49	4	11	62
8	7	60	40	40
70	32	7	85	85
38	85	4	57	92
71	10	2	3	28
93	5	80	92	50
30	40	9	53	81
85	49	52	75	3
30	16	94	14	14
85	42	79	88	15
15	82	24	74	31
48	5	28	64	65
45	49	1	58	75
86	78	11	54	62
94	30	17	57	14
68	72	85	24	24
60	63	14	65	15
1	39	25	47	47
4	3	53	21	21
7	10	53	24	84
62	91	51	61	61
64	8	90	46	92
23	13	84	68	59
64	37	25	65	51
68	81	59	54	54
21	59	61	27	53
94	74	11	46	96
41	9	81	34	34
8	47	37	82	82
42	81	77	80	82
78	90	14	35	11
73	63	30	42	76
88	84	62	42	6
30	87	44	14	14
85	88	91	93	93
5	19	18	99	81
79	38	95	51	10
67	57	72	32	32
37	54	95	76	90
55	80	44	53	8
17	2	40	43	48
70	79	43	99	17
74	83	89	56	56
9	3	94	45	45
28	81	15	82	82
15	11	94	59	63
75	13	38	71	82
56	43	33	91	91
68	67	61	25	25
62	72	11	59	45
46	33	34	68	54
18	64	35	40	51
73	74	97	59	1
98	18	81	85	89
6	63	83	72	43
58	81	86	79	14
28	13	9	70	37
78	63	85	20	93
53	54	84	20	45
20	58	62	19	19
84	12	26	55	68
13	70	68	59	59
75	4	21	1	56
62	60	36	53	80
67	40	83	8	8
38	42	34	52	5
62	91	69	16	95
57	96	65	6	6
77	86	27	66	66
10	93	87	83	22
86	56	88	62	62
30	96	38	66	66
23	15	7	78	78
47	82	67	1	87
65	73	58	18	80
43	57	6	60	74
7	34	69	65	88
76	74	2	99	52
41	58	66	42	24
25	65	1	32	32
1	21	96	33	14
86	94	11	82	82
80	21	22	74	75
86	4	94	49	96
89	14	55	90	64
80	19	38	34	34
59	18	4	32	32
52	35	47	99	99
97	83	5	55	66
63	56	19	49	65
10	78	23	62	62
92	64	8	62	74
20	28	38	75	23
98	31	2	43	62
88	50	14	96	96
81	65	75	1	24
86	87	20	69	59
75	66	1	49	94
95	71	3	91	34
51	60	77	73	15
38	29	68	27	27
85	3	71	74	31
11	95	19	9	9
41	96	47	43	92
91	64	77	95	21
77	42	17	73	79
3	63	66	90	57
25	2	15	94	94
34	68	2	79	60
20	83	51	77	78
35	7	48	50	50
5	41	50	49	65
59	50	4	29	47
61	67	59	56	56
97	81	64	8	8
19	25	62	66	66
6	86	85	43	33
54	2	81	43	69
40	57	17	59	55
30	12	97	72	72
80	55	41	75	37
18	59	2	76	17
41	69	55	38	99
25	69	90	78	78
69	21	41	33	18
81	36	73	93	2
65	55	36	87	87
53	49	32	6	37
84	58	48	40	88
23	39	68	85	85
24	6	39	29	40
6	82	84	30	68
85	94	86	76	76
72	58	57	41	6
96	45	88	87	14
64	75	63	91	91
65	23	34	68	68
3	89	81	35	78
62	45	16	73	74
7	3	45	15	15
1	40	44	48	65
55	19	61	75	75
70	39	13	44	65
54	64	14	85	80
84	61	51	3	95
65	40	4	3	30
79	46	89	68	24
77	63	19	68	61
1	58	48	90	97
88	50	64	47	61
3	51	46	82	73
99	13	21	27	95
3	98	19	92	91
52	4	21	57	49
23	56	89	26	87
63	86	79	58	14
42	52	55	35	35
58	76	61	57	50
73	98	80	50	50
57	61	63	54	23
13	98	81	10	6
41	73	42	65	65
35	16	13	73	73
65	89	52	5	98
61	5	15	73	73
93	15	19	26	26
3	38	51	49	21
73	75	94	62	11
6	46	20	50	52
33	3	35	34	48
24	54	36	58	58
34	12	22	7	7
47	67	94	88	7
88	82	48	22	63
67	36	33	51	23
85	79	60	49	9
45	24	15	57	9
45	89	93	34	86
7	41	67	63	44
15	77	97	26	48
76	56	14	49	75
68	65	17	5	51
74	76	90	24	60
27	11	26	17	42
6	59	80	57	57
69	64	35	13	65
60	17	59	67	76
25	65	88	38	38
92	17	14	54	54
12	65	5	82	82
19	40	26	25	73
54	79	87	67	13
76	57	5	43	43
64	47	84	9	9
94	19	98	3	3
68	40	74	4	4
48	42	3	70	70
73	52	71	55	16
38	85	5	76	66
94	23	22	37	37
91	92	79	59	24
91	19	6	62	62
89	71	70	5	47
53	11	31	43	68
28	99	60	56	79
5	93	66	32	30
22	77	73	66	59
23	35	2	28	28
56	28	55	45	8
82	41	30	39	39
48	2	94	52	92
59	17	21	78	78
39	98	3	79	79
18	31	43	85	33
96	72	18	64	64
70	87	84	8	36
19	36	1	22	61
84	73	15	83	83
87	76	82	5	32
99	29	62	5	76
22	74	8	70	72
62	15	16	12	82
68	85	67	29	29
45	89	16	87	78
67	56	51	4	35
32	97	52	88	79
50	45	82	79	5
87	69	48	77	10
6	36	20	35	37
85	1	25	74	73
59	15	60	62	35
53	16	84	68	79
20	49	9	36	36
99	77	92	3	35
78	83	45	53	5
27	36	62	39	31
70	28	3	8	87
71	74	52	34	34
83	14	19	20	62
92	38	91	76	65
27	75	77	88	78
94	49	98	71	91
14	72	63	41	74
20	65	8	81	81
44	85	67	94	47
88	68	80	97	51
7	75	96	71	71
78	70	72	34	34
61	6	11	76	13
54	82	44	16	16
29	31	8	5	5
8	61	90	86	49
11	32	23	94	92
63	93	99	6	6
59	85	79	8	17
5	89	27	67	45
2	34	55	15	8
82	6	62	96	34
5	59	46	79	79
11	25	99	2	37
77	69	43	70	93
6	85	11	34	34
7	74	76	36	56
78	9	38	36	36
3	45	57	30	48
75	81	4	70	25
76	86	9	70	38
51	74	18	69	64
60	98	2	79	61
50	63	74	8	17
84	71	45	97	30
22	29	82	84	28
72	41	73	98	44
45	12	69	39	39
1	48	81	7	7
81	48	63	61	61
84	80	88	66	51
3	22	39	42	29
92	35	85	39	88
61	97	32	42	2
49	56	54	42	88
99	96	12	40	86
43	17	64	15	67
45	97	83	2	2
86	32	87	90	71
6	76	33	89	93
48	68	18	64	60
76	72	46	20	77
99	12	7	94	50
56	79	68	9	9
36	98	90	19	86
87	93	51	88	75
46	33	7	53	41
14	48	74	88	91
52	56	19	7	55
63	72	13	94	94
93	84	92	63	63
43	22	94	99	99
51	23	8	54	56
83	16	34	62	62
32	67	47	19	19
30	32	36	74	74
89	40	76	10	82
1	84	3	9	74
31	51	78	56	56
13	2	21	56	48
59	92	96	51	89
43	69	28	38	38
70	38	50	8	59
41	77	24	53	57
79	87	2	7	7
97	93	83	3	24
81	51	76	11	94
55	77	75	7	38
25	4	39	14	14
36	48	49	24	5
65	52	7	64	28
45	24	78	73	73
10	73	91	46	95
32	87	88	70	83
2	61	64	39	32
51	29	91	35	35
37	57	14	49	56
96	95	90	60	14
20	73	63	74	74
46	60	69	66	17
21	35	20	7	7
19	49	54	3	1
17	22	48	46	97
13	75	59	50	67
18	77	46	19	19
97	7	17	45	26
76	89	6	40	65
81	64	34	19	19
44	93	35	42	42
16	6	49	46	48
35	72	62	12	43
49	20	11	30	40
41	48	1	77	82
42	97	63	84	75
82	43	73	4	56
91	89	52	87	23
78	58	94	20	89
67	36	4	27	27
63	6	95	99	9
13	48	59	44	74
32	6	57	39	58
36	41	1	29	19
36	17	33	26	2
31	95	84	56	76
75	45	14	16	16
59	81	17	80	93
94	7	64	46	95
78	81	45	4	98
65	24	30	89	51
77	80	23	75	60
89	22	65	99	99
74	43	83	92	92
49	14	3	28	27
98	80	16	97	51
16	14	63	98	98
71	79	86	42	10
89	23	62	63	63
15	74	65	2	2
87	12	84	25	76
22	29	59	67	77
69	21	64	16	47
27	31	61	49	49
35	98	94	85	87
84	80	95	54	30
55	42	12	21	21
94	72	61	6	67
46	80	42	2	82
51	68	97	92	92
58	49	45	50	14
49	4	59	31	46
81	82	25	11	48
44	5	56	70	80
57	76	11	46	46
34	93	84	79	91
23	75	81	98	98
28	12	77	68	60
41	26	42	16	16
73	4	28	86	86
58	93	82	23	92
11	62	67	96	85
4	96	3	50	50
75	80	28	60	60
61	59	54	19	68
13	65	51	30	25
27	71	48	11	11
75	73	15	63	44
61	24	52	92	11
5	74	89	29	91
60	50	3	56	80
5	53	44	31	59
84	81	91	56	95
7	99	89	55	68
71	35	29	75	50
62	67	81	73	20
15	83	92	57	57
84	21	35	91	91
75	48	3	50	58
76	49	1	80	65
16	71	89	50	75
50	55	3	33	66
39	98	94	4	71
94	6	81	70	70
16	69	28	91	45
68	79	7	81	80
41	72	84	66	34
5	53	63	93	80
92	20	83	57	96
54	63	34	28	28
58	31	76	88	88
92	12	70	32	32
24	31	1	84	84
6	51	66	95	95
17	10	47	98	98
23	35	83	17	17
87	5	56	38	38
42	54	83	64	64
56	69	17	82	73
97	31	54	94	46
32	78	7	72	66
9	97	15	85	85
7	18	85	15	15
4	84	62	87	87
64	80	1	30	86
91	89	64	7	22
70	79	61	35	64
29	52	97	41	47
83	43	64	85	88
86	30	92	40	40
55	1	86	43	91
2	19	71	51	51
39	70	55	29	29
63	89	5	23	23
68	15	93	5	33
77	27	46	11	49
34	94	98	87	87
22	15	64	13	13
70	80	20	79	1
47	7	2	88	85
55	47	88	33	33
39	83	66	77	77
98	73	48	26	40
2	85	90	72	20
52	4	59	64	46
73	69	88	42	4
71	68	13	38	62
93	37	54	72	72
6	27	57	72	65
37	83	70	7	27
41	37	3	56	40
9	4	6	78	78
66	5	32	86	86
22	40	8	93	93
94	39	64	13	86
44	76	61	55	89
47	19	3	36	45
45	39	19	41	17
42	27	65	46	46
1	91	70	48	66
36	2	32	29	15
5	36	46	10	10
51	39	6	43	2
98	70	92	60	13
52	27	66	1	55
58	42	23	55	69
17	15	3	32	11
89	87	78	90	37
73	7	70	33	90
36	55	44	34	64
84	54	64	16	82
2	28	48	47	47
71	28	70	8	8
48	88	98	84	47
68	57	35	56	6
13	91	79	46	83
45	70	2	73	92
10	40	37	28	51
2	59	52	39	31
83	59	24	28	13
65	31	10	71	66
42	2	87	86	50
70	64	9	82	3
26	78	69	59	59
43	86	19	49	49
83	34	12	77	77
76	50	93	66	66
31	13	83	60	43
85	94	71	65	65
59	97	22	9	98
89	92	11	80	37
3	71	39	86	69
6	72	33	77	77
22	44	75	39	39
32	77	64	30	76
86	66	22	78	72
5	62	83	87	87
78	71	28	76	65
84	18	51	31	31
79	14	96	18	18
61	62	44	13	45
25	1	44	83	83
99	34	51	74	74
43	34	59	64	64
69	61	21	14	87
50	97	84	22	47
36	22	80	49	8
84	48	75	10	65
87	93	91	28	64
10	92	2	67	39
5	12	70	50	50
44	67	68	29	89
80	68	88	33	48
65	69	32	96	17
4	55	89	93	50
1	78	98	93	27
16	71	95	97	97
12	52	56	43	41
1	33	23	11	11
83	66	13	77	89
54	33	92	80	80
53	21	18	96	96
14	34	24	93	93
32	21	56	46	46
71	26	82	72	73
6	44	36	82	92
60	64	72	89	89
95	16	94	80	39
46	75	45	33	16
58	62	64	13	63
8	5	34	85	91
86	30	79	9	9
45	72	38	25	89
95	85	69	20	47
92	26	77	85	39
6	34	66	68	78
62	1	61	67	67
8	47	75	48	12
44	8	37	62	62
79	82	25	30	30
84	75	6	48	48
69	79	30	7	73
95	58	85	59	6
6	61	70	71	95
13	84	28	16	16
44	62	72	89	91
98	63	21	92	83
45	16	60	61	49
85	16	42	14	14
67	85	62	17	90
30	87	10	86	86
1	75	26	45	70
27	90	60	65	3
67	6	61	22	69
22	81	84	21	21
31	72	22	51	23
31	76	96	85	58
57	71	66	25	69
36	24	97	49	49
23	1	20	36	31
90	28	38	62	62
45	38	42	89	15
10	91	41	81	80
37	53	20	95	95
51	76	87	7	61
66	69	34	44	3
73	80	7	82	82
49	15	57	72	68
17	27	20	84	84
90	83	8	56	57
64	69	27	78	77
80	84	30	69	69
70	4	85	84	8
32	52	39	6	45
70	24	92	93	93
13	65	43	38	38
35	85	81	57	57
80	49	71	85	85
9	83	51	66	91
25	48	40	79	11
34	14	12	64	64
95	5	69	89	42
33	1	39	27	27
74	91	55	40	40
12	30	79	14	76
22	35	64	48	15
83	34	45	51	99
27	97	68	8	8
2	79	55	50	32
9	41	26	89	89
99	84	60	86	16
6	30	76	73	61
16	83	99	41	25
98	91	78	58	58
84	24	87	59	59
36	61	99	87	87
40	60	49	37	3
41	35	81	31	65
27	8	35	36	41
35	63	49	7	7
89	73	15	86	49
5	57	98	67	82
43	2	55	41	41
95	68	58	34	52
72	97	77	17	79
71	73	92	98	20
97	67	41	33	14
70	2	85	1	92
99	39	10	48	40
26	43	85	56	50
44	67	17	59	59
95	85	50	96	96
63	27	37	18	18
53	13	28	8	50
72	56	30	40	40
99	27	37	84	60
78	90	75	16	92
26	75	78	3	3
27	60	64	88	88
88	2	54	30	30
74	8	27	94	34
3	25	90	77	93
44	88	57	67	64
41	3	29	97	17
84	80	24	1	93
49	74	69	4	92
99	1	87	73	40
26	37	60	80	80
56	90	3	92	44
32	83	40	8	8
72	98	89	78	73
18	58	67	79	69
17	22	62	29	29
98	77	75	20	20
90	81	85	7	28
36	21	78	73	73
16	51	63	62	62
45	91	64	51	92
70	47	36	46	46
85	67	56	49	49
38	60	1	81	66
58	89	49	15	32
93	88	86	48	18
98	60	20	76	76
64	28	25	4	4
58	91	75	9	67
15	34	87	88	88
99	30	86	68	41
62	9	25	60	57
91	17	86	56	1
66	54	85	24	33
98	50	57	95	3
51	59	15	25	25
42	59	43	66	6
55	65	1	79	79
45	10	38	49	56
43	51	54	55	19
55	90	91	76	76
81	23	10	38	92
43	88	32	24	90
42	80	41	43	62
69	5	98	84	51
75	78	98	63	10
33	31	39	32	3
80	28	79	73	10
1	28	10	75	75
79	85	34	19	68
52	71	9	38	60
71	92	96	87	87
13	89	17	77	77
76	72	92	86	35
17	81	97	96	96
98	86	50	68	4
24	43	90	2	2
88	39	45	86	87
55	36	34	78	46
74	25	38	40	40
57	72	35	59	59
88	84	57	95	51
97	54	91	61	6
54	25	10	91	35
55	21	38	95	95
22	68	5	77	74
73	39	93	82	4
83	1	88	69	10
53	51	63	10	39
11	94	70	23	23
15	53	2	51	46
74	54	18	50	50
57	73	8	84	99
16	85	63	65	15
93	18	30	56	56
53	51	37	13	44
70	67	34	89	61
86	63	79	52	11
37	4	53	70	76
23	83	22	84	55
19	66	74	94	86
93	66	84	74	19
60	35	31	52	78
9	95	20	76	76
11	88	19	4	4
50	78	75	5	41
40	69	71	19	72
58	18	86	92	76
59	54	43	2	76
1	28	6	62	41
36	33	95	67	67
52	4	6	66	54
67	36	51	56	24
59	87	58	55	97
14	31	99	20	20
94	26	95	4	49
73	78	25	79	90
47	14	69	75	75
43	61	47	86	86
96	85	92	56	56
80	9	61	4	4
83	57	4	48	69
96	42	14	34	59
4	75	51	53	54
94	46	82	29	29
61	55	66	20	56
4	83	30	90	75
15	26	75	84	77
55	47	26	58	77
47	99	46	25	25
70	3	12	74	75
22	40	9	70	81
91	60	25	67	67
99	52	29	81	80
51	67	70	9	40
86	71	79	66	96
18	51	8	85	85
85	5	97	31	31
3	57	81	38	85
84	8	40	15	5
15	61	94	80	77
72	92	91	13	47
84	68	18	43	43
44	76	21	36	36
48	60	66	40	96
49	21	13	72	99
69	16	34	78	78
40	81	60	75	75
98	12	84	48	88
30	93	7	88	82
60	83	51	11	22
75	42	79	9	59
93	71	89	58	23
91	85	10	55	62
50	11	36	60	56
80	52	25	5	5
90	27	16	2	29
17	18	84	40	40
81	70	78	31	76
22	32	5	21	73
15	92	6	68	68
48	36	71	43	43
47	91	90	33	33
88	47	37	10	10
7	35	93	76	76
40	51	9	39	41
47	74	42	19	19
55	59	10	70	46
64	42	16	48	48
82	77	67	22	1
53	2	83	16	87
11	97	46	58	58
92	77	32	8	8
64	14	39	69	72
70	60	83	17	79
71	49	1	15	15
44	85	76	14	78
74	9	17	8	42
74	91	92	35	89
24	11	56	80	25
40	34	75	57	57
11	88	40	71	87
41	80	18	37	89
18	16	98	48	48
14	55	11	53	53
34	95	70	71	71
43	88	71	31	31
42	54	5	68	50
4	86	58	6	85
80	46	25	72	63
25	87	71	76	92
23	10	99	47	44
58	73	12	3	37
20	56	68	72	78
17	43	84	91	92
16	52	66	78	70
44	63	35	4	55
73	40	83	65	6
69	26	5	67	55
76	54	5	96	46
97	55	42	58	62
39	74	6	91	81
52	72	24	7	7
63	13	86	82	53
64	84	51	28	35
98	96	20	58	82
68	48	37	84	84
73	94	43	20	20
91	96	26	56	95
95	68	87	12	12
15	52	63	61	73
42	91	89	87	90
85	33	10	99	21
99	22	85	93	64
51	24	68	78	94
47	86	6	75	98
2	37	86	20	20
21	53	65	3	29
44	48	78	68	2
13	9	68	69	69
20	65	58	18	18
96	19	94	57	79
3	43	55	11	11
6	31	20	3	3
5	48	54	28	60
46	19	33	30	66
48	33	4	95	13
76	35	88	87	11
16	34	91	72	42
96	97	49	98	23
93	41	76	1	71
47	64	78	15	75
64	45	70	65	17
81	50	28	20	20
73	84	67	22	22
64	33	79	8	36
91	61	57	13	90
69	34	67	41	32
54	87	57	56	81
42	75	50	91	91
6	4	73	13	64
99	61	93	96	96
31	42	35	99	99
29	62	87	14	14
88	95	79	59	44
14	43	95	36	36
85	2	83	40	13
41	4	88	73	37
4	40	82	56	85
64	80	53	22	13
8	51	75	88	99
48	89	90	59	15
30	46	5	3	3
48	58	35	87	23
34	80	63	12	12
71	9	86	95	51
68	83	59	67	67
20	82	54	75	73
92	41	33	44	44
85	78	9	94	21
66	42	63	1	29
75	13	89	44	85
1	92	75	71	40
25	67	70	73	59
23	4	47	3	52
49	91	82	87	18
7	72	73	24	8
55	46	5	45	68
60	77	96	93	16
96	61	92	11	11
82	57	92	49	46
52	6	18	29	46
39	73	67	50	50
47	18	7	50	49
40	5	85	81	59
79	48	59	10	83
75	4	45	51	62
39	92	20	55	55
14	78	69	96	96
28	20	46	62	61
34	87	10	77	77
12	59	57	48	5
6	52	64	63	25
71	81	49	91	91
3	2	70	11	9
43	2	12	60	60
40	33	38	41	69
42	65	67	4	83
24	31	58	97	97
47	74	55	75	20
54	16	68	42	92
86	22	90	16	16
11	48	2	1	1
41	2	66	55	40
59	75	69	6	34
95	88	8	45	6
33	63	56	53	59
81	93	78	36	36
9	81	91	29	8
79	11	57	77	46
89	59	22	81	81
6	18	64	63	63
24	89	79	18	18
51	3	31	41	36
62	67	65	69	28
97	50	55	69	69
85	56	16	62	84
77	31	3	65	64
56	6	14	48	80
35	9	96	25	2
39	95	76	77	77
70	51	76	81	81
86	16	83	63	58
41	10	62	44	83
75	67	44	7	7
44	24	99	59	56
80	21	38	10	10
39	99	28	8	8
42	75	71	22	22
10	46	2	40	40
72	19	68	59	1
91	84	39	57	57
4	45	51	27	38
59	45	11	81	80
87	94	2	41	64
46	22	60	87	35
81	35	15	30	30
1	33	48	7	17
3	61	92	88	41
96	46	53	18	72
56	7	53	31	72
5	34	63	23	23
75	11	72	85	85
50	83	37	67	67
95	44	68	45	59
89	36	92	64	64
17	14	32	59	59
24	61	79	46	80
21	96	52	30	70
29	88	10	4	4
80	46	27	9	9
84	35	70	19	53
41	71	38	29	1
59	37	42	62	80
2	67	24	69	51
7	84	38	53	70
32	30	35	38	33
31	42	41	46	11
28	32	58	59	47
75	99	73	13	76
59	76	81	77	41
7	30	91	93	79
99	69	87	4	50
35	8	66	74	63
48	26	66	6	6
55	90	44	78	22
88	91	38	11	11
66	73	51	43	43
32	20	55	97	97
21	97	56	23	23
16	51	61	35	35
60	11	37	14	14
56	79	60	45	68
55	66	6	87	87
4	30	60	62	62
64	48	22	41	56
12	59	64	51	42
71	41	86	8	82
86	76	5	64	68
58	3	71	68	53
23	45	40	90	90
2	26	64	91	91
87	44	3	99	73
11	32	4	24	2
43	60	82	87	87
37	16	17	57	95
90	89	79	38	88
73	15	91	69	70
3	10	80	6	6
40	98	54	84	71
17	32	62	65	35
28	62	26	30	36
40	86	49	78	78
7	69	70	75	25
26	37	73	62	3
81	77	11	41	66
6	99	48	17	68
79	64	4	59	43
65	86	95	98	25
54	71	28	73	51
38	90	89	42	67
93	80	94	50	50
24	87	76	67	8
1	22	82	92	97
15	13	83	17	17
3	26	71	52	70
48	36	37	57	50
38	40	9	65	65
86	64	85	31	4
63	74	22	75	75
64	87	76	44	5
19	61	24	52	52
81	62	66	91	90
72	34	11	70	77
51	98	66	97	9
41	69	96	5	98
52	39	90	22	84
61	98	88	10	89
18	68	35	28	29
65	39	7	42	52
74	39	78	79	79
51	99	92	17	17
34	32	66	14	14
14	26	52	65	65
99	67	40	64	64
52	28	6	67	34
21	85	97	62	33
88	58	36	4	50
71	15	83	63	63
13	74	77	95	65
4	26	91	34	52
88	52	8	13	5
97	36	47	28	37
96	69	53	1	12
53	22	68	28	28
27	14	49	34	34
52	3	75	96	71
96	67	9	98	98
59	3	99	11	11
77	4	96	75	48
85	12	84	48	62
13	32	80	76	78
32	95	40	6	6
55	78	75	34	34
58	78	99	31	40
90	84	10	29	68
41	48	60	47	46
20	43	91	46	77
60	62	67	34	11
39	5	9	40	84
51	60	13	80	82
32	55	67	59	31
75	10	74	25	79
87	67	78	3	3
96	84	93	3	21
72	40	62	22	22
87	88	91	31	31
3	57	4	38	38
61	14	12	94	17
60	63	1	20	48
91	22	95	65	78
69	78	98	20	89
41	37	58	97	97
75	98	40	77	77
63	90	91	67	67
92	76	5	27	91
79	70	71	29	75
25	87	57	92	90
57	87	56	65	65
46	71	10	56	60
41	2	98	74	74
58	61	67	43	98
76	87	78	90	34
70	42	93	27	56
7	23	37	27	27
27	32	76	2	77
36	61	59	12	66
1	24	70	54	64
8	70	51	86	67
83	60	84	19	63
45	57	4	5	5
1	21	56	5	5
98	64	35	78	78
92	15	43	62	62
68	10	76	60	92
77	81	32	21	70
72	63	78	25	2
64	29	45	27	69
14	75	87	62	98
13	82	95	43	91
44	65	52	46	46
68	88	82	23	72
99	74	95	11	50
1	10	66	90	90
96	90	33	77	4
82	24	98	28	28
98	44	39	92	81
24	56	81	6	6
78	16	35	62	62
45	58	22	86	3
41	58	42	36	36
85	97	29	90	77
37	38	13	81	81
22	7	54	91	91
71	13	90	76	59
18	93	17	77	77
28	11	35	39	40
10	34	41	49	43
97	10	38	82	82
61	26	57	2	70
8	1	26	27	98
11	20	16	2	17
1	96	78	30	86
74	83	26	29	29
42	95	94	54	54
92	13	69	79	62
96	17	9	42	86
88	94	29	73	85
5	64	49	48	41
86	72	42	49	49
99	79	92	91	32
81	68	76	59	91
51	19	61	56	2
36	1	62	85	43
63	87	55	20	20
54	3	59	75	91
39	4	71	58	53
52	83	82	99	99
57	83	20	97	94
85	96	80	40	40
55	77	96	79	97
50	86	78	70	70
57	79	12	80	48
35	60	10	54	45
68	19	93	64	92
54	24	68	74	92
2	69	23	64	79
72	43	32	89	87
19	41	36	34	34
78	63	10	75	98
89	53	59	98	41
63	19	70	12	91
94	59	69	36	36
14	35	6	87	24
91	79	3	84	25
59	92	63	12	12
3	13	63	21	32
9	47	42	55	39
62	50	83	95	95
18	57	33	15	46
43	66	56	30	30
46	45	47	16	35
76	8	50	54	82
41	98	53	6	6
29	4	76	94	91
21	26	61	70	70
78	51	12	68	68
74	42	4	79	50
62	46	10	55	55
85	28	84	98	83
79	38	78	13	8
5	4	69	72	35
43	20	91	67	67
96	97	68	27	84
54	75	95	11	83
65	83	57	9	62
58	6	96	49	49
79	11	31	41	38
90	73	61	12	12
59	6	41	26	26
22	20	33	49	1
84	89	31	73	92
26	70	76	67	67
42	57	24	63	84
4	42	46	55	30
51	82	97	6	6
41	3	64	89	79
69	49	39	28	28
84	72	88	32	6
49	77	38	96	17
91	96	71	8	18
11	14	41	82	24
7	66	37	79	79
4	11	60	61	59
87	63	3	93	46
52	59	15	31	31
59	50	61	65	20
53	67	92	7	99
97	56	67	5	81
96	38	62	82	82
87	44	96	7	75
77	41	60	48	40
15	8	53	31	46
17	85	40	8	87
47	89	68	70	15
70	13	52	60	76
52	49	9	92	16
60	79	90	61	89
64	69	6	82	43
97	2	37	20	1
65	30	27	7	43
35	12	34	30	3
67	53	32	83	83
1	63	88	64	51
26	31	12	84	44
86	91	2	22	78
48	1	12	47	39
3	43	62	80	49
94	79	4	37	29
75	27	60	29	53
53	94	15	57	88
46	58	18	51	55
55	57	12	36	36
91	76	84	54	86
59	4	61	56	15
60	98	28	94	94
50	52	38	13	42
82	51	98	12	33
89	74	37	96	75
29	81	9	77	77
85	88	75	70	27
39	71	16	60	46
1	69	78	97	87
51	29	24	9	9
90	20	85	41	87
2	82	32	63	73
28	30	37	39	39
18	46	65	19	19
2	97	35	14	20
70	83	33	22	22
11	60	79	87	45
73	12	92	70	65
89	92	26	21	21
62	65	14	35	61
96	42	54	70	60
23	94	55	2	30
9	2	15	83	83
53	21	83	13	13
6	65	91	48	81
34	3	53	43	62
21	17	69	19	19
8	63	82	22	66
53	86	10	65	92
74	77	20	61	59
1	67	38	70	54
42	59	98	3	54
35	30	68	13	13
52	31	8	53	41
1	16	39	51	49
17	19	93	39	26
56	76	95	4	39
54	7	63	41	41
15	20	26	33	70
65	41	59	33	33
99	43	9	34	41
72	79	42	62	9
12	64	56	42	42
90	55	61	84	10
84	14	46	68	82
86	28	72	74	88
64	48	66	9	80
71	59	67	12	40
8	74	16	92	92
20	21	35	2	33
84	80	7	45	57
94	80	84	76	76
54	92	89	63	63
41	91	28	29	30
52	38	64	70	7
98	16	2	63	63
6	23	10	21	21
55	54	93	97	4
51	88	39	78	55
74	21	89	85	1
66	16	59	5	5
4	18	11	90	13
5	79	84	65	34
40	58	92	65	56
90	42	4	91	58
3	61	14	9	49
66	15	8	64	64
18	73	16	27	27
41	61	18	91	68
75	84	15	50	43
67	94	19	93	17
76	79	18	23	23
14	61	94	44	92
49	18	69	83	83
74	61	21	3	72
35	73	63	6	60
36	63	9	62	46
26	2	36	31	19
23	90	70	82	98
5	3	21	93	93
54	68	13	11	69
42	61	33	18	70
62	53	4	5	80
79	49	90	96	13
72	58	49	5	47
87	59	6	7	7
75	49	9	74	45
7	47	14	8	71
61	70	81	23	77
3	71	43	50	55
1	83	29	5	67
29	13	51	52	45
32	51	72	68	68
90	83	56	73	16
82	26	41	29	65
49	59	9	63	36
38	60	53	14	14
98	49	1	81	68
60	37	87	33	33
35	5	36	83	83
40	80	72	70	53
42	12	23	5	30
91	8	88	97	97
59	41	85	72	1
32	79	1	24	24
21	95	11	41	41
66	93	34	18	73
47	14	71	58	74
94	78	77	61	14
29	67	42	28	28
48	80	11	31	31
47	66	87	17	17
66	23	69	81	73
49	16	74	87	8
97	22	51	96	63
65	3	57	76	10
64	88	46	89	89
94	81	87	36	8
96	12	73	28	77
99	26	82	6	6
2	24	44	58	52
95	92	5	90	18
14	7	44	80	83
61	79	51	88	88
48	65	95	94	27
1	63	28	38	2
33	88	29	56	56
80	4	64	71	71
31	87	59	20	65
29	80	92	44	44
74	89	37	69	1
98	15	89	57	80
95	35	33	58	58
94	29	19	17	72
94	16	91	5	5
84	66	68	82	24
12	15	21	2	19
35	33	68	63	59
10	32	34	71	71
97	31	43	98	98
25	54	44	81	61
65	19	93	99	99
61	39	51	36	2
87	19	92	59	59
5	68	40	70	84
65	34	28	71	90
11	6	18	70	56
49	53	47	89	6
80	92	82	15	52
85	9	87	23	23
43	21	71	60	34
30	6	50	57	46
95	90	91	32	73
78	89	57	27	27
51	66	81	14	85
67	95	22	94	73
27	63	64	76	1
37	5	23	98	94
20	25	17	29	29
51	16	97	25	12
61	82	84	81	28
92	47	97	88	88
5	45	96	73	41
48	71	88	51	65
9	57	94	5	96
21	46	73	94	94
30	14	21	34	49
2	52	7	36	80
71	96	53	55	55
86	80	74	83	83
86	9	43	69	78
46	96	57	5	47
49	86	12	75	72
95	23	81	69	86
21	12	42	67	67
90	23	95	33	33
66	71	53	81	14
77	3	53	62	93
26	30	74	67	67
76	31	79	13	80
75	45	65	52	6
46	44	14	1	36
31	95	8	97	36
89	19	44	82	20
88	81	42	85	85
63	96	9	39	57
21	47	79	70	70
21	92	10	74	68
5	86	67	60	27
50	93	53	61	16
54	85	55	56	36
39	12	63	72	75
97	83	21	69	69
51	77	1	62	62
56	70	49	2	2
71	53	92	87	34
2	70	52	29	4
66	8	69	55	87
40	31	30	10	18
35	77	68	65	65
85	47	66	6	69
89	47	11	85	64
11	63	76	56	39
81	23	89	80	3
72	21	69	73	8
6	28	29	18	24
78	95	20	40	40
44	83	96	37	37
34	20	10	60	60
40	90	79	78	65
49	55	11	78	80
53	59	88	92	8
16	49	99	73	2
28	90	12	33	40
13	74	38	64	75
2	51	38	70	70
52	60	80	33	33
67	96	20	82	82
33	37	94	46	46
58	98	76	79	30
84	75	68	25	48
51	41	34	83	43
28	65	85	76	76
2	96	82	72	42
88	57	18	75	75
41	80	26	70	70
6	27	36	1	38
20	33	2	38	38
11	98	16	67	17
77	9	51	49	49
1	27	31	48	57
45	79	66	57	73
82	29	20	55	55
3	97	66	51	17
72	95	28	34	34
54	47	4	80	67
82	84	73	7	32
10	36	38	82	80
62	1	68	24	24
22	75	2	67	65
1	72	30	57	59
82	41	70	42	42
38	2	60	66	80
83	18	51	31	43
85	92	89	19	48
76	65	14	10	49
39	8	99	79	79
13	89	64	28	44
56	51	38	11	45
39	82	22	76	32
9	39	15	93	53
47	56	24	36	36
25	47	19	45	72
81	73	69	70	25
49	6	67	72	88
82	78	18	48	86
79	61	6	50	50
95	28	92	94	12
25	76	8	70	73
22	69	45	5	5
23	91	43	42	42
20	35	14	53	31
60	4	35	81	84
89	1	74	40	66
9	96	74	65	44
20	22	31	36	36
27	93	83	66	94
64	99	53	39	39
4	40	69	93	85
55	62	39	34	2
22	27	95	75	75
59	34	2	87	85
63	50	59	11	48
74	11	77	86	86
87	54	53	14	14
94	55	46	18	18
5	83	17	77	82
52	16	13	71	80
29	9	81	68	68
61	69	19	29	76
63	7	96	94	49
25	89	31	9	9
87	66	45	96	96
40	14	81	55	55
65	96	10	40	21
82	88	5	66	66
58	4	54	39	31
31	34	67	46	46
9	86	7	96	22
25	72	76	86	74
59	25	73	70	4
47	72	68	5	39
30	33	61	19	19
1	36	63	75	86
84	32	92	2	72
59	96	86	1	49
2	76	50	74	32
97	88	53	93	20
66	5	37	75	84
26	78	3	71	77
71	61	88	40	40
4	13	1	63	63
79	99	20	96	63
62	1	51	54	21
86	78	14	97	58
36	99	47	32	66
1	29	34	96	96
28	99	57	89	89
53	28	49	45	45
81	80	59	37	7
45	8	18	30	47
75	8	66	37	63
39	62	2	53	36
28	4	74	85	85
62	56	5	24	54
50	32	58	9	9
87	96	3	34	77
87	3	1	79	71
65	92	69	91	16
90	94	61	24	85
54	31	27	26	26
61	14	92	66	64
98	95	5	88	88
36	30	77	60	63
96	74	1	5	61
84	19	32	92	73
31	6	87	98	90
47	27	46	50	10
58	97	7	52	98
89	77	16	49	84
43	36	59	45	3
97	79	28	4	95
75	35	36	14	14
93	77	19	67	92
29	65	35	55	93
55	87	90	14	45
28	43	90	32	32
67	86	4	35	44
73	99	51	74	74
86	29	40	24	24
8	99	86	90	90
26	60	42	93	3
59	31	50	73	39
21	13	39	98	38
6	78	84	85	83
54	93	74	5	68
41	72	1	16	16
67	97	29	5	46
60	70	88	87	87
8	2	37	23	78
10	98	75	52	89
50	44	47	38	38
5	94	97	54	56
67	75	33	66	8
18	3	12	93	10
92	89	93	18	18
71	32	82	79	79
18	86	97	2	28
26	69	81	95	95
76	28	55	74	74
12	29	46	4	4
77	56	9	59	87
49	30	47	61	2
93	82	52	85	13
31	25	88	96	96
51	19	77	81	72
53	96	20	98	87
19	4	30	35	29
71	35	76	90	1
70	79	9	37	61
61	68	44	63	63
61	12	35	70	68
9	61	99	29	29
21	72	39	22	17
70	53	79	19	82
10	75	37	68	68
1	96	31	5	81
14	12	53	59	94
45	27	68	76	66
95	1	56	75	88
45	68	14	69	77
79	46	38	78	2
90	96	73	57	14
1	49	76	61	61
61	60	91	2	65
30	70	60	53	53
65	37	5	52	51
20	61	38	67	67
7	48	91	74	74
43	84	10	98	98
50	3	87	97	63
13	67	36	75	54
91	76	85	56	9
64	90	69	67	13
66	57	95	75	4
63	94	45	58	58
59	84	29	9	9
76	88	78	23	29
34	5	33	12	12
7	35	59	74	68
32	52	59	42	4
2	89	33	94	37
27	93	64	85	91
11	48	45	2	50
61	75	64	80	80
76	67	85	86	28
84	29	7	77	88
60	84	98	6	64
83	85	26	75	7
63	20	94	12	4
11	88	42	89	89
66	35	57	3	46
50	51	7	46	20
58	64	37	95	2
44	91	20	93	94
19	51	82	16	21
70	90	37	86	86
53	45	25	43	92
96	71	98	18	65
83	58	78	47	47
72	69	67	24	8
33	29	4	6	31
86	43	62	47	47
61	22	86	9	72
58	11	21	61	56
94	61	99	32	32
60	78	39	71	57
67	88	10	59	70
51	1	35	72	78
96	13	49	16	17
74	68	35	34	91
27	36	37	29	56
75	49	13	90	82
92	84	1	78	78
96	56	52	93	69
96	29	98	33	33
50	98	53	14	14
71	22	91	28	12
70	71	23	68	50
6	44	96	78	82
52	7	76	9	54
79	76	71	85	28
62	64	83	82	21
91	49	48	4	4
38	14	87	59	59
36	39	41	3	13
49	6	63	64	28
4	67	53	35	54
95	30	38	45	18
16	94	55	78	87
97	70	75	51	1
45	72	3	61	44
66	46	70	23	80
72	51	90	59	59
77	93	37	67	61
71	69	3	39	39
91	30	84	98	81
39	70	92	52	52
15	48	65	73	78
88	95	85	76	76
99	42	86	11	15
26	86	28	2	39
76	44	15	87	84
86	8	78	45	65
99	56	66	87	87
77	57	49	72	72
51	52	20	23	23
32	84	77	75	75
41	98	35	89	58
51	94	35	87	66
94	1	46	38	38
99	37	95	8	54
84	2	75	39	58
21	92	59	66	66
61	3	81	38	69
53	84	9	77	56
69	16	6	9	9
69	5	72	83	35
26	70	79	89	93
44	2	51	12	50
70	28	69	61	9
66	76	29	17	70
34	95	97	88	79
78	70	57	52	52
7	88	60	83	83
82	65	89	13	75
1	97	3	18	69
19	33	3	67	24
70	61	65	47	88
42	19	5	16	35
71	58	69	19	80
55	4	54	73	87
63	27	70	98	61
53	46	70	44	78
13	22	80	89	10
75	10	76	14	21
18	14	17	65	70
57	61	85	40	3
9	20	69	12	89
15	43	6	44	45
29	96	33	99	99
77	8	54	39	81
28	11	74	89	89
13	18	88	38	54
97	96	27	91	91
77	79	98	90	90
72	38	48	64	44
92	18	61	22	29
51	56	50	16	16
4	89	49	74	63
2	87	98	45	85
2	48	27	33	33
68	72	20	35	85
72	20	96	65	95
87	90	76	19	55
87	95	72	77	23
33	1	17	32	40
68	44	7	79	60
36	61	44	49	49
55	70	60	47	9
48	57	45	9	39
27	52	32	88	48
39	50	72	65	65
99	27	95	92	8
74	71	2	81	21
59	82	96	31	23
50	53	23	32	31
25	71	70	73	82
62	65	59	9	27
82	70	21	2	77
28	62	34	24	24
49	77	1	66	41
55	61	11	36	36
71	38	67	59	11
54	41	58	45	52
14	15	9	55	55
1	39	38	21	48
3	84	29	8	8
53	42	55	97	6
42	57	18	59	55
28	11	3	80	94
27	87	98	90	4
70	39	2	98	98
97	5	81	82	82
45	49	31	14	14
10	7	57	26	99
34	50	24	46	2
45	77	52	46	46
33	1	53	60	72
45	70	36	25	25
53	8	91	63	19
24	75	82	71	90
87	34	24	3	42
26	2	77	71	85
68	76	23	41	70
11	16	10	86	48
57	85	51	8	78
89	23	60	10	10
75	54	45	57	3
60	59	72	45	45
21	32	34	93	93
93	41	95	13	82
37	68	51	9	66
29	49	60	56	7
91	99	94	16	16
37	24	91	94	94
75	51	13	81	62
97	72	81	20	41
21	2	76	78	27
53	56	37	44	44
42	10	61	74	65
11	38	89	87	75
61	1	7	64	62
48	98	49	16	84
87	15	95	51	51
64	35	9	66	96
21	85	72	81	59
84	99	62	21	94
42	63	62	96	96
45	31	35	51	49
63	6	87	58	98
47	9	87	24	16
46	32	44	39	39
52	86	99	74	63
99	35	50	16	28
96	32	35	72	57
65	93	66	57	1
3	20	1	88	88
10	91	84	33	94
13	50	37	43	46
59	17	58	3	49
2	12	39	53	77
94	80	14	26	26
97	59	65	82	6
5	82	25	47	47
22	47	44	4	10
80	21	70	97	86
72	33	37	6	6
65	51	42	46	72
97	18	5	25	25
42	19	15	77	77
19	50	2	28	28
27	89	57	47	47
28	75	61	89	89
22	66	27	87	87
19	43	52	55	56
22	18	67	40	29
8	62	29	83	83
90	83	15	31	96
37	64	83	81	8
44	87	22	59	5
64	39	55	60	60
44	36	30	41	86
57	25	48	45	2
67	17	3	71	64
9	25	20	41	41
22	48	60	61	58
5	3	53	97	97
77	82	93	2	31
26	88	83	6	20
97	51	71	65	36
44	30	52	70	70
83	95	47	66	66
69	43	75	64	64
9	38	98	51	51
54	5	94	58	98
8	98	18	24	24
43	15	30	42	63
8	2	99	6	67
76	59	89	92	20
19	72	43	76	76
95	90	37	17	55
6	19	81	90	27
1	97	69	27	27
86	59	45	6	43
77	87	79	22	62
5	65	56	91	91
77	80	24	82	55
90	71	44	80	57
25	86	74	64	84
44	46	42	79	79
30	80	28	36	32
86	92	14	90	36
11	59	3	13	13
79	99	65	1	56
33	10	63	8	18
83	81	41	16	76
5	44	46	73	66
25	68	66	21	21
58	36	29	97	97
59	25	86	39	52
75	85	59	70	17
59	58	4	71	33
99	34	92	62	62
41	12	3	55	55
95	2	77	44	8
86	29	97	28	28
89	39	97	88	98
53	57	75	6	52
83	1	88	98	27
51	56	41	19	19
83	63	96	93	71
53	72	6	45	58
44	69	6	22	26
37	31	51	45	45
4	92	46	88	58
95	32	56	71	71
93	43	12	75	75
75	47	93	14	14
60	41	93	58	90
65	9	30	66	81
12	47	41	93	32
44	72	16	69	63
38	30	26	40	7
86	3	74	95	27
53	3	36	66	66
28	66	86	85	77
21	51	95	58	58
8	94	87	65	7
86	61	97	15	15
76	89	26	79	79
95	63	1	97	38
71	95	47	86	7
6	30	29	45	43
82	93	2	39	69
40	73	87	12	88
43	89	50	66	20
19	94	53	89	99
51	62	12	20	20
48	80	97	26	26
21	73	20	3	16
94	16	18	79	14
36	67	32	7	7
62	68	57	39	59
22	1	65	73	61
24	74	76	79	56
18	12	55	20	20
71	86	52	85	18
85	46	7	78	60
13	2	87	94	94
72	6	65	77	29
61	5	51	40	71
73	78	45	58	12
85	28	13	46	46
37	71	58	81	53
76	93	92	22	62
25	11	66	6	6
7	30	86	36	36
13	7	64	39	39
97	76	43	52	32
59	63	56	69	6
27	4	45	50	57
18	60	63	56	4
65	31	47	18	57
91	1	53	61	61
22	37	46	74	89
63	1	7	22	39
94	57	42	78	45
36	69	14	74	71
96	51	75	17	3
18	39	56	27	90
81	28	25	33	33
97	56	80	83	41
98	58	89	79	79
47	17	81	96	96
73	57	82	42	42
4	61	24	53	65
79	13	90	3	3
19	78	12	75	75
2	60	47	94	94
33	8	95	37	67
9	97	24	26	35
79	17	59	89	74
47	90	85	88	20
6	73	50	48	92
97	31	10	7	47
81	32	88	68	68
47	82	62	22	24
68	44	72	85	85
41	32	72	37	86
74	22	75	65	85
72	35	85	7	89
56	37	57	15	14
65	78	3	91	91
64	70	23	62	75
87	26	74	62	90
11	81	41	31	54
40	51	59	60	52
1	97	93	28	75
33	93	99	31	75
71	5	63	54	35
61	70	77	10	43
84	77	71	34	7
6	14	35	9	27
24	89	5	86	78
24	59	22	5	2
4	2	62	43	80
15	86	84	82	36
90	79	65	95	67
68	4	50	47	6
40	75	65	81	81
44	79	88	57	57
86	63	85	84	20
52	30	16	93	93
15	89	48	77	65
37	91	45	96	42
46	71	40	78	92
35	34	19	11	14
43	38	23	7	45
9	94	63	32	4
90	54	2	85	45
10	57	46	95	95
21	90	51	58	58
88	91	31	94	11
85	78	2	37	98
33	60	40	57	37
46	75	44	4	68
52	49	17	34	34
79	53	84	1	1
21	39	20	58	51
54	82	78	33	33
83	35	2	88	62
43	15	75	71	71
61	73	2	51	38
97	26	74	64	64
18	81	79	80	39
24	67	81	2	75
67	59	65	16	3
26	40	7	78	78
48	36	85	75	75
18	19	3	24	17
90	77	60	45	45
60	64	25	63	10
33	45	3	40	56
89	84	78	93	86
11	15	61	6	6
96	50	11	29	86
10	49	67	34	29
78	20	83	67	61
59	28	50	2	2
6	5	90	28	28
46	7	94	72	72
4	35	11	87	38
66	27	25	90	90
94	24	40	62	62
82	67	24	66	79
66	98	56	86	21
83	73	39	9	72
41	83	33	14	14
4	70	31	60	57
76	4	54	77	32
46	80	17	86	86
90	74	15	81	55
78	22	44	88	38
60	88	3	85	54
91	30	53	48	64
22	65	10	37	5
29	67	51	28	72
92	39	37	30	48
14	89	96	65	66
70	43	35	86	86
65	54	96	3	79
22	62	86	6	6
27	34	51	36	72
34	41	94	48	87
57	48	4	58	58
10	5	16	15	36
21	87	4	37	37
37	2	41	72	70
82	1	62	8	75
43	16	41	14	14
61	67	92	98	98
80	22	87	63	63
38	86	84	50	50
72	73	74	23	10
94	71	4	47	78
95	11	55	32	83
75	84	45	94	32
11	36	65	16	34
62	84	20	29	27
78	11	68	33	77
78	18	62	72	12
45	87	84	73	63
59	22	86	98	95
47	80	63	99	99
62	78	22	54	54
91	72	97	78	78
62	36	92	14	14
14	38	40	93	93
16	12	53	18	89
91	43	14	79	88
34	46	94	74	89
67	91	94	66	18
76	54	77	97	32
13	83	74	54	64
16	23	89	79	80
2	60	68	17	63
62	91	26	83	92
30	83	89	35	35
36	16	96	11	11
87	45	22	33	38
89	79	3	96	30
71	11	62	86	61
99	74	9	64	78
89	27	56	63	63
67	84	74	34	24
83	91	87	56	22
80	22	28	24	24
17	84	76	72	99
41	23	72	70	70
34	81	89	87	12
85	65	67	49	33
84	71	24	5	5
49	11	9	63	78
80	58	91	66	27
46	59	38	77	77
67	84	28	70	70
92	67	96	4	41
43	40	73	27	27
45	6	22	85	68
39	8	80	28	76
17	85	10	53	53
51	35	80	87	87
24	56	70	31	31
47	1	70	71	93
80	64	1	86	30
73	12	5	14	36
53	69	4	62	88
75	68	31	84	11
12	84	8	62	62
84	41	9	98	89
82	44	77	67	12
54	93	8	43	10
56	53	71	1	89
30	4	39	94	6
71	36	15	8	99
35	2	45	75	74
74	59	14	80	55
45	16	83	6	6
6	96	54	12	39
92	10	20	27	27
40	29	42	27	6
90	66	75	5	49
23	94	1	63	45
50	95	39	3	41
83	86	76	39	13
96	41	43	21	35
98	4	42	79	79
29	67	36	85	85
23	39	82	69	69
62	79	15	94	70
98	10	55	73	88
8	79	16	83	15
75	18	67	93	80
24	97	60	89	93
6	21	1	22	22
51	27	1	91	91
8	31	2	64	39
80	26	57	11	11
50	98	19	91	93
59	19	49	51	51
49	91	99	70	76
91	70	35	6	92
9	62	93	70	47
75	26	50	4	35
97	41	15	53	44
64	23	97	72	14
72	5	67	95	61
32	63	82	25	79
80	77	63	37	47
47	85	82	81	20
83	79	73	60	57
88	26	20	91	58
2	99	70	64	68
21	80	28	84	27
89	38	58	78	78
11	40	96	55	55
35	33	6	46	15
84	27	80	64	61
6	65	33	68	77
61	99	39	88	38
81	99	54	1	65
22	71	57	1	65
6	45	22	46	60
45	38	53	51	87
94	18	72	11	79
90	98	85	57	18
49	62	55	12	44
33	54	40	5	45
18	1	3	85	85
21	56	39	81	81
62	9	66	31	18
97	80	10	96	38
70	64	18	3	73
67	8	88	59	48
41	15	48	81	79
51	20	28	77	77
98	66	7	46	46
1	98	69	57	39
54	4	36	44	95
62	57	13	44	49
38	86	60	73	73
83	49	80	59	11
74	19	25	30	23
96	20	73	25	25
68	77	24	13	13
85	63	13	20	20
94	43	90	41	41
72	2	88	41	79
82	97	84	66	66
58	24	9	14	25
44	63	59	64	27
84	51	4	93	93
64	12	56	36	60
24	17	14	94	94
10	43	40	34	34
12	75	57	54	63
87	71	73	58	27
75	80	63	59	59
90	48	68	92	92
67	37	6	68	10
57	86	9	85	48
38	64	67	4	4
65	86	39	3	92
61	81	25	20	73
90	61	53	5	97
4	53	33	64	64
5	29	14	65	76
77	59	51	10	64
53	90	97	15	95
42	43	77	15	49
5	26	23	87	87
64	56	35	98	98
53	97	90	63	63
60	97	74	4	63
6	37	72	75	71
5	45	99	28	28
94	13	8	85	64
25	71	12	4	4
30	84	22	85	78
70	99	87	35	35
85	70	76	22	68
99	69	49	1	19
63	66	88	17	38
85	51	31	11	11
63	18	45	13	13
24	67	34	11	54
63	36	6	47	35
85	20	68	91	69
46	87	89	96	15
23	78	86	89	60
49	98	37	27	48
27	70	75	90	89
59	99	93	15	76
70	14	58	49	17
76	69	79	7	27
23	74	96	89	75
42	8	88	71	79
87	16	78	55	73
32	10	46	7	6
12	88	78	76	70
78	20	45	25	21
12	65	75	70	93
1	54	38	39	33
40	73	75	89	5
48	80	62	15	78
15	17	12	90	53
36	64	38	1	56
59	42	22	6	57
35	48	5	37	69
16	66	1	25	25
13	79	50	37	37
59	79	16	6	71
52	41	63	53	53
92	27	11	84	16
77	8	39	31	76
88	21	70	95	74
17	55	53	48	4
67	3	31	56	74
63	4	74	33	60
84	87	44	1	1
85	18	6	92	7
53	35	56	85	85
98	58	8	93	61
18	48	1	52	58
85	38	89	44	41
45	32	91	73	73
97	36	26	4	48
77	34	87	94	5
23	79	88	84	59
59	31	42	14	85
16	79	31	65	87
62	64	2	13	57
12	48	62	20	86
34	58	40	41	41
85	77	22	59	78
34	86	62	89	2
62	50	38	23	33
51	33	58	65	25
90	91	9	2	87
80	84	4	24	90
34	95	80	79	72
5	82	26	83	68
76	30	41	39	63
86	29	33	98	98
17	42	41	39	12
51	97	31	65	75
28	11	76	78	74
62	47	61	6	79
58	19	4	17	96
99	33	87	52	62
39	52	73	4	63
19	71	62	2	65
59	8	30	10	10
88	52	16	80	94
37	36	28	13	13
87	6	69	74	86
94	75	2	74	43
1	32	92	72	72
59	12	87	29	29
50	64	87	69	59
14	93	3	25	9
80	14	69	67	52
57	8	9	60	61
2	99	57	68	68
38	74	56	8	76
65	9	28	6	2
51	17	73	93	32
82	65	27	80	4
38	91	9	97	83
42	28	44	66	66
39	68	19	22	24
87	13	79	1	64
1	67	59	13	13
22	96	70	7	61
10	53	66	63	36
45	20	32	10	4
95	47	71	97	15
99	20	78	86	86
85	80	78	42	42
12	54	59	83	86
78	23	96	45	45
8	52	55	74	57
33	55	1	64	64
26	97	96	78	3
56	84	87	52	9
74	47	3	85	85
35	33	30	28	28
29	49	62	68	92
23	82	75	28	31
61	60	37	44	44
5	99	85	57	66
73	41	64	7	55
6	74	23	65	21
59	14	65	64	35
92	81	38	83	28
84	5	87	59	41
32	72	66	25	25
95	71	97	32	92
36	55	84	14	53
91	82	15	76	54
2	66	42	75	46
60	63	15	65	37
78	64	49	13	69
19	78	75	81	98
79	85	8	69	38
68	22	64	91	40
87	47	32	94	94
98	29	89	4	4
18	2	93	42	59
15	38	30	33	1
85	78	67	8	8
55	90	7	70	11
35	66	86	81	5
48	54	9	56	70
78	48	13	58	76
78	86	65	47	9
76	55	25	86	19
14	92	43	79	93
49	41	10	29	29
71	47	59	84	84
93	2	30	5	19
67	19	80	54	77
57	73	4	6	24
6	58	28	24	94
85	4	87	67	16
43	94	45	52	52
15	29	85	17	17
45	39	29	38	8
62	69	98	14	36
65	61	11	43	33
61	70	10	74	37
7	29	50	10	2
93	90	18	64	64
2	61	33	68	46
18	65	25	52	52
69	19	64	3	73
94	78	80	44	35
91	61	14	31	12
87	40	92	89	88
91	40	75	61	61
73	84	59	48	6
46	7	36	41	43
99	71	45	53	53
27	99	95	87	70
65	36	76	81	15
16	2	65	11	11
75	6	13	48	55
89	51	95	28	28
77	7	87	45	80
50	97	8	95	65
65	5	19	54	83
9	13	23	58	48
25	79	69	72	72
40	53	43	5	63
46	88	93	34	34
88	85	51	23	23
48	52	8	30	30
34	5	26	31	21
60	54	3	78	93
81	21	30	78	78
71	35	33	32	12
52	58	78	68	30
44	55	39	43	8
55	94	64	90	35
55	21	51	60	56
78	97	90	76	25
85	76	68	57	57
42	38	65	5	60
9	62	59	73	43
27	60	76	11	42
14	39	89	90	95
3	97	16	38	38
11	46	72	54	61
58	46	1	85	68
81	16	86	98	61
49	81	13	93	82
88	7	70	16	16
91	93	38	12	12
57	67	3	2	69
20	92	75	39	28
93	68	65	18	37
64	51	22	98	35
31	35	10	22	22
65	11	17	76	76
8	9	79	87	80
72	16	65	69	42
15	16	69	44	44
63	9	81	94	62
55	21	58	78	54
94	14	86	42	42
3	50	49	13	53
80	78	9	25	25
53	79	52	38	21
59	76	82	85	85
98	48	90	3	64
40	63	62	70	70
48	90	74	79	79
85	33	32	63	16
57	48	81	10	77
38	88	81	8	8
10	8	64	27	27
8	28	95	96	85
28	72	63	59	61
41	2	81	77	33
10	34	44	94	97
23	4	72	95	95
99	27	71	98	83
46	48	5	81	35
11	47	23	22	22
82	73	97	63	7
24	10	54	47	47
95	84	79	15	34
13	76	58	80	52
56	96	83	51	23
58	83	20	79	79
71	52	77	4	15
85	49	9	92	81
68	25	70	20	20
89	31	80	47	48
12	7	29	23	65
63	44	84	85	85
61	16	92	95	69
25	69	67	3	1
18	4	90	47	6
3	72	48	82	98
52	53	14	46	36
55	4	84	45	88
53	71	10	48	76
59	24	2	4	4
92	51	5	73	70
18	40	25	66	66
27	17	73	90	4
53	10	95	74	83
56	90	3	39	18
57	22	1	41	53
67	6	70	73	50
44	69	91	89	10
99	2	82	67	67
65	7	63	40	48
10	87	34	90	90
18	95	96	87	46
2	95	96	9	92
25	51	17	90	90
24	25	59	42	42
52	28	67	3	60
69	18	56	55	63
1	37	21	81	42
71	63	74	87	87
4	34	63	39	61
67	83	33	4	8
7	52	63	58	30
77	40	24	31	8
84	52	79	14	91
87	71	98	46	63
44	50	46	24	7
46	10	68	16	90
52	99	58	43	18
96	45	67	27	53
49	29	5	52	36
85	29	84	61	83
65	29	88	82	87
71	33	73	57	57
84	60	39	76	5
26	9	73	65	65
83	74	70	77	34
69	49	17	46	30
95	36	28	86	89
98	79	74	73	29
3	38	53	74	63
56	18	67	10	32
86	30	21	19	85
14	50	90	30	72
56	32	42	11	11
47	30	90	7	94
81	88	99	5	39
59	3	81	8	8
35	65	59	22	22
43	48	47	81	81
69	58	90	73	10
5	24	62	4	95
51	65	11	97	97
60	51	93	31	33
41	25	17	1	93
58	25	26	50	98
88	38	82	70	7
73	96	5	35	94
69	94	52	47	47
29	45	62	4	97
47	3	41	25	34
23	35	89	79	79
56	40	69	64	64
27	46	50	64	16
49	33	9	3	95
58	81	40	27	38
10	99	76	48	43
3	48	74	46	46
77	61	20	84	70
66	68	14	6	92
53	32	56	14	78
35	11	4	33	21
72	58	14	91	32
31	69	82	75	75
47	31	49	48	14
57	72	10	37	70
58	20	17	6	57
46	6	62	32	44
3	33	92	44	44
58	68	48	21	21
49	3	12	53	38
55	49	76	31	84
63	60	92	82	82
38	35	14	16	17
80	49	35	14	79
64	77	38	75	75
78	22	48	12	12
20	44	40	66	66
90	27	98	45	57
65	52	54	46	11
52	62	96	97	8
97	46	89	71	71
13	43	67	78	52
83	4	56	98	65
35	51	8	56	42
6	93	56	36	36
38	11	1	78	99
71	97	84	27	99
21	98	4	14	14
68	97	9	76	2
33	17	34	39	39
62	69	84	45	45
37	27	97	78	93
88	98	3	57	71
88	80	77	21	61
77	95	79	30	94
39	56	44	67	67
78	74	1	16	68
8	44	62	88	20
43	77	21	50	50
20	5	93	64	82
79	42	28	27	27
32	59	37	63	1
5	42	44	50	24
78	35	90	84	52
53	41	21	68	68
40	3	31	52	39
96	39	52	48	64
2	99	89	30	83
22	14	94	53	16
70	67	53	98	98
28	69	23	42	74
11	68	20	74	74
28	86	47	49	49
48	32	9	34	1
76	55	99	13	13
11	73	61	98	84
16	78	19	51	40
15	40	26	92	58
4	49	60	95	95
95	7	30	70	70
58	30	10	53	98
53	57	38	10	64
98	79	82	4	43
98	28	27	41	41
32	54	28	18	18
1	48	14	38	46
95	55	80	92	92
8	28	59	23	29
60	48	18	71	53
83	55	29	90	65
89	86	99	7	7
97	36	9	56	68
57	74	2	34	34
31	10	40	32	16
65	17	36	15	30
88	70	22	56	56
90	77	93	94	94
79	30	85	89	74
18	13	83	34	74
83	9	28	59	18
16	97	80	8	8
4	41	28	42	76
94	33	31	38	73
72	18	79	24	24
61	7	26	97	97
69	75	3	11	11
66	35	42	54	97
26	79	44	19	32
49	2	6	38	38
57	33	30	23	18
2	88	47	92	92
79	88	87	24	58
68	72	83	96	96
16	76	44	68	78
81	3	82	60	29
36	76	94	3	3
28	64	72	7	87
64	97	21	70	70
57	47	30	55	13
92	38	6	17	91
12	76	68	60	48
3	37	39	88	88
75	40	71	15	15
86	90	96	34	84
8	57	6	65	17
71	46	79	88	88
87	56	73	55	91
36	45	39	9	4
14	7	59	79	35
44	66	55	10	53
52	82	30	54	55
72	78	26	83	71
24	9	72	42	73
92	77	40	3	67
94	17	76	53	93
97	87	39	44	80
98	81	8	4	28
89	24	82	79	65
38	3	90	42	42
56	64	28	58	7
85	57	78	79	22
53	27	60	32	73
89	10	52	35	35
69	51	9	59	46
78	28	14	31	31
78	85	47	7	84
23	43	14	57	66
85	82	22	78	6
29	49	45	34	34
81	49	55	11	80
78	93	41	77	5
94	70	13	60	84
97	70	8	48	48
80	81	66	15	46
85	57	24	88	30
97	91	7	31	37
47	22	70	62	20
93	72	92	29	80
18	6	63	1	16
93	66	28	83	83
85	77	8	28	81
90	23	82	70	74
53	19	82	69	96
92	71	59	86	16
60	53	82	14	79
39	35	25	97	45
45	1	89	76	59
24	67	82	95	98
34	66	10	56	62
82	17	93	44	44
44	34	55	45	45
43	47	40	77	77
99	91	18	94	49
96	91	31	37	49
83	42	3	80	5
9	67	57	48	77
24	69	58	68	6
23	3	2	87	75
87	12	74	52	50
77	70	28	1	58
63	39	7	77	66
82	84	5	52	44
56	13	65	49	72
90	35	81	42	42
57	54	15	66	51
59	57	77	46	46
9	84	75	21	67
54	59	19	64	53
19	69	41	51	52
47	51	11	58	40
73	95	9	58	77
82	15	53	61	83
16	62	72	51	63
25	83	82	97	79
84	5	49	93	38
20	62	81	52	52
75	63	77	27	27
32	7	63	58	50
38	32	21	82	82
37	53	8	96	96
11	29	50	5	89
34	3	37	55	60
86	5	45	91	61
60	57	25	4	77
40	84	43	96	13
65	88	93	9	57
25	80	58	34	34
64	93	28	33	33
63	1	98	68	39
46	42	31	43	87
73	4	50	49	82
51	54	38	71	71
56	76	37	99	99
75	51	44	20	92
92	66	49	69	69
15	73	76	4	77
92	24	59	82	91
5	59	40	54	34
61	3	63	45	26
41	89	25	6	6
20	26	25	92	92
81	50	77	9	95
20	77	69	4	73
6	36	21	41	41
70	97	88	48	61
99	83	59	72	64
82	88	99	14	56
22	50	53	99	99
11	86	4	24	10
4	93	75	36	36
51	63	94	68	68
88	22	61	99	93
30	40	20	42	90
93	89	72	53	14
59	65	26	1	47
23	90	65	95	31
46	59	74	80	36
66	36	17	55	54
80	63	46	34	35
92	64	52	28	71
78	92	71	19	91
27	67	8	61	62
83	50	87	90	90
53	35	77	95	67
8	97	89	5	5
98	91	8	5	82
98	67	50	21	21
28	43	79	12	21
85	79	64	5	65
19	58	87	41	24
56	72	69	85	85
31	91	6	81	54
38	50	5	88	88
37	63	99	4	56
25	54	89	75	75
88	58	87	31	31
89	6	87	76	27
70	78	94	16	16
3	84	22	76	76
96	91	1	16	87
8	12	74	67	67
96	36	86	76	3
78	80	7	71	96
65	91	66	26	26
91	35	80	77	5
59	10	8	69	69
6	36	68	58	58
86	92	78	15	15
78	21	73	55	42
90	83	52	8	61
78	7	89	73	41
10	37	86	74	74
59	69	21	68	10
22	25	70	55	3
66	25	65	10	62
48	79	34	60	60
97	28	4	93	91
64	50	81	11	70
14	46	49	19	19
15	23	85	78	7
79	85	34	82	89
61	58	14	52	1
39	97	88	98	98
71	89	56	3	3
73	74	59	18	18
44	69	85	77	10
95	9	22	23	23
77	82	4	39	46
5	65	38	2	2
68	2	71	80	25
9	73	12	91	91
67	8	90	53	97
59	75	50	45	2
3	73	99	47	84
37	31	7	56	56
67	32	1	30	30
74	9	23	67	58
95	29	14	92	92
77	34	58	18	29
9	33	69	14	39
87	12	75	84	39
64	79	82	81	43
79	71	87	13	50
85	19	88	1	74
6	81	52	50	72
61	76	93	15	21
67	95	52	14	14
1	39	84	75	98
26	3	51	69	69
12	28	97	44	79
2	90	54	35	35
82	30	93	8	90
78	35	94	32	9
28	99	9	33	90
46	26	42	40	8
10	78	54	15	2
33	89	5	3	3
77	54	57	82	12
46	86	5	20	20
57	66	27	3	93
53	41	67	63	63
69	52	85	2	2
96	7	34	21	80
70	35	73	12	77
49	68	93	3	75
79	75	46	55	9
16	21	98	18	18
94	60	41	61	46
52	63	22	20	33
11	50	68	19	96
14	37	25	68	40
15	26	17	46	46
66	36	51	2	56
12	20	70	91	91
92	94	20	17	17
60	5	84	68	50
69	91	22	76	81
18	58	46	41	63
